"group","longitude","latitude"
1,12.43916,41.898389
1,12.430566,41.905469
1,12.438379,41.906201
1,12.43916,41.898389
2,-2.009912,49.180811
2,-2.23584,49.176367
2,-2.220508,49.266357
2,-2.018652,49.23125
2,-2.009912,49.180811
3,-2.547363,49.428711
3,-2.639014,49.450928
3,-2.646143,49.468213
3,-2.520898,49.506299
3,-2.547363,49.428711
4,-4.614258,54.058691
4,-4.785352,54.073047
4,-4.69873,54.224902
4,-4.508643,54.376709
4,-4.377197,54.392578
4,-4.337988,54.269092
4,-4.614258,54.058691
5,-2.742139,51.581104
5,-2.978516,51.538867
5,-3.293115,51.39043
5,-3.562354,51.413818
5,-3.890771,51.59165
5,-4.23457,51.569092
5,-4.091016,51.659912
5,-4.276172,51.68252
5,-4.386279,51.741064
5,-4.600781,51.737646
5,-4.902295,51.62627
5,-5.124756,51.705859
5,-5.200586,51.861377
5,-5.262305,51.880176
5,-5.088086,51.995898
5,-4.383154,52.197314
5,-4.149365,52.32627
5,-3.980322,52.541748
5,-4.078906,52.607861
5,-4.039258,52.704053
5,-4.117529,52.82002
5,-4.101465,52.915479
5,-4.356445,52.897412
5,-4.683057,52.806152
5,-4.63833,52.891113
5,-4.405078,53.013818
5,-4.268555,53.144531
5,-3.764209,53.307617
5,-3.326172,53.347168
5,-3.097559,53.260303
5,-3.165576,53.394678
5,-3.064746,53.426855
5,-2.918555,53.305371
5,-2.749512,53.310205
5,-2.913086,53.350244
5,-3.0646,53.512842
5,-3.059473,53.58623
5,-2.925098,53.732764
5,-3.031787,53.773584
5,-3.045361,53.843848
5,-3.026758,53.905908
5,-2.899854,53.960693
5,-2.846484,54.135303
5,-2.867578,54.177246
5,-3.165967,54.12793
5,-3.569385,54.467578
5,-3.592041,54.564355
5,-3.4646,54.773096
5,-3.26792,54.906592
5,-3.03623,54.953076
5,-3.550439,54.947412
5,-3.95791,54.780957
5,-4.132959,54.779248
5,-4.253418,54.846777
5,-4.51748,54.75835
5,-4.818066,54.846143
5,-4.91123,54.689453
5,-5.135498,54.85752
5,-5.172705,54.985889
5,-5.116699,55.012256
5,-5.055859,54.988135
5,-4.676758,55.501318
5,-4.72417,55.598291
5,-4.891846,55.699121
5,-4.87168,55.873926
5,-4.826074,55.929541
5,-4.584082,55.938672
5,-4.844092,56.051172
5,-4.800293,56.15835
5,-4.9271,56.028076
5,-5.092822,55.987305
5,-5.2146,55.888867
5,-5.245605,55.929248
5,-5.222949,56.06582
5,-4.996973,56.23335
5,-5.383447,56.019238
5,-5.418896,55.975244
5,-5.38584,55.770117
5,-5.556445,55.3896
5,-5.646533,55.326855
5,-5.768213,55.362646
5,-5.681348,55.623975
5,-5.504492,55.802393
5,-5.622852,55.813135
5,-5.60957,56.055273
5,-5.534961,56.25083
5,-5.391943,56.514795
5,-5.188379,56.758057
5,-5.652441,56.531982
5,-5.864844,56.561865
5,-5.936768,56.605713
5,-5.968896,56.689893
5,-6.132764,56.718018
5,-5.730615,56.853076
5,-5.861426,56.902686
5,-5.736279,56.960645
5,-5.591309,57.102344
5,-5.561914,57.232715
5,-5.656348,57.334082
5,-5.794922,57.378809
5,-5.801953,57.468018
5,-5.581787,57.546777
5,-5.67876,57.57168
5,-5.744922,57.668311
5,-5.60835,57.881348
5,-5.157227,57.881348
5,-5.413184,58.069727
5,-5.351367,58.143701
5,-5.338281,58.238721
5,-5.008301,58.262646
5,-5.090137,58.384521
5,-5.066504,58.520215
5,-4.975635,58.580322
5,-4.809619,58.5729
5,-4.71543,58.51001
5,-4.491895,58.568457
5,-4.433252,58.512842
5,-3.259131,58.65
5,-3.053076,58.634814
5,-3.112891,58.408887
5,-3.212354,58.32124
5,-3.990039,57.959033
5,-4.035596,57.852002
5,-3.857129,57.818555
5,-4.078418,57.677051
5,-4.134521,57.577734
5,-3.294531,57.710156
5,-3.036035,57.672314
5,-2.074072,57.702393
5,-1.867383,57.612354
5,-1.780664,57.474023
5,-2.020312,57.258887
5,-2.260254,56.86333
5,-2.500977,56.636572
5,-2.680957,56.514404
5,-3.309961,56.363477
5,-2.885156,56.39751
5,-2.652734,56.318262
5,-2.674268,56.253418
5,-2.767578,56.202148
5,-2.979785,56.194092
5,-3.178223,56.080127
5,-3.362256,56.027637
5,-3.789062,56.095215
5,-3.607812,56.016016
5,-3.04873,55.951953
5,-2.836865,56.02627
5,-2.599316,56.027295
5,-2.14707,55.902979
5,-1.655371,55.570361
5,-1.422656,55.026416
5,-1.232422,54.703711
5,-0.671387,54.503906
5,-0.084375,54.118066
5,-0.205566,54.021729
5,0.115332,53.609277
5,-0.07373,53.643652
5,-0.27002,53.736768
5,-0.659912,53.724023
5,-0.293701,53.692334
5,0.12832,53.468262
5,0.270996,53.335498
5,0.355762,53.159961
5,0.045898,52.905615
5,0.279785,52.808691
5,0.381934,52.825195
5,0.558789,52.966943
5,1.271289,52.924561
5,1.656738,52.753711
5,1.743359,52.578516
5,1.746582,52.468994
5,1.591406,52.119775
5,1.413477,51.994775
5,1.316797,51.956934
5,1.232422,51.97124
5,1.274414,51.845361
5,1.101172,51.785449
5,0.955078,51.807812
5,0.752246,51.72959
5,0.898047,51.689404
5,0.927441,51.646631
5,0.890918,51.571436
5,0.424512,51.465625
5,0.52832,51.484473
5,0.686523,51.386572
5,0.889355,51.359521
5,1.414941,51.363281
5,1.397559,51.182031
5,1.044434,51.047266
5,0.960156,50.925879
5,0.772363,50.933984
5,0.205078,50.763037
5,-0.203906,50.814355
5,-0.785254,50.76543
5,-1.416455,50.896875
5,-1.334473,50.820801
5,-1.60083,50.732861
5,-2.031055,50.725391
5,-1.962061,50.627783
5,-2.03584,50.603076
5,-2.350146,50.637402
5,-2.433447,50.599219
5,-2.776953,50.705566
5,-2.999414,50.716602
5,-3.40459,50.632422
5,-3.485449,50.547949
5,-3.584375,50.321826
5,-3.679785,50.239941
5,-3.793359,50.229248
5,-4.19458,50.393311
5,-4.727979,50.290479
5,-5.009521,50.160742
5,-5.118506,50.03833
5,-5.225244,50.021387
5,-5.433984,50.104443
5,-5.622119,50.050684
5,-5.655176,50.077246
5,-5.65625,50.131885
5,-5.570654,50.196973
5,-5.342285,50.246143
5,-5.004443,50.495264
5,-4.893555,50.533691
5,-4.58291,50.776367
5,-4.523096,50.977441
5,-4.296484,51.027148
5,-4.188184,51.188525
5,-3.842334,51.230908
5,-3.135986,51.205029
5,-2.433057,51.740723
5,-2.742139,51.581104
6,-4.154883,53.302832
6,-4.049365,53.305762
6,-4.373047,53.13418
6,-4.553223,53.260449
6,-4.567871,53.386475
6,-4.315088,53.417236
6,-4.154883,53.302832
7,-2.662061,59.230176
7,-2.603613,59.289307
7,-2.406982,59.297559
7,-2.548877,59.231348
7,-2.662061,59.230176
8,-1.067871,60.502295
8,-1.165527,60.603906
8,-1.093311,60.720215
8,-1.005615,60.716504
8,-1.067871,60.502295
9,-1.287402,60.467041
9,-1.235742,60.485303
9,-1.157764,60.417725
9,-1.052441,60.444482
9,-1.199316,60.006592
9,-1.299463,59.878662
9,-1.355859,59.911133
9,-1.290918,60.153467
9,-1.322803,60.188379
9,-1.481494,60.173389
9,-1.499121,60.221777
9,-1.641357,60.236768
9,-1.66377,60.28252
9,-1.374609,60.33291
9,-1.449561,60.468555
9,-1.571777,60.494434
9,-1.414209,60.59873
9,-1.301709,60.607666
9,-1.287402,60.467041
10,-0.774316,60.800488
10,-0.825488,60.683936
10,-0.922266,60.697266
10,-0.91582,60.810449
10,-0.801807,60.83125
10,-0.774316,60.800488
11,-3.222119,58.780957
11,-3.367188,58.839746
11,-3.394727,58.909619
11,-3.271924,58.905273
11,-3.211621,58.813574
11,-3.158545,58.801221
11,-3.222119,58.780957
12,-2.938965,58.738623
12,-2.975391,58.756934
12,-3.035449,58.822656
12,-2.896436,58.827588
12,-2.938965,58.738623
13,-3.070703,59.00498
13,-2.81792,58.981885
13,-2.762451,58.955811
13,-2.826221,58.893262
13,-2.994824,58.939355
13,-3.166602,58.919092
13,-3.22334,58.93877
13,-3.242139,58.999707
13,-3.331641,58.97124
13,-3.353711,59.01875
13,-3.310352,59.130811
13,-3.248584,59.143945
13,-3.019238,59.076025
13,-3.070703,59.00498
14,-2.815234,59.161914
14,-2.861426,59.246826
14,-3.052051,59.323877
14,-2.975537,59.347119
14,-2.719922,59.219482
14,-2.815234,59.161914
15,-6.664453,56.579443
15,-6.569922,56.66123
15,-6.483691,56.665771
15,-6.607617,56.58501
15,-6.664453,56.579443
16,-5.10542,55.448828
16,-5.331494,55.481055
16,-5.392676,55.618359
16,-5.318115,55.70918
16,-5.185449,55.690967
16,-5.10498,55.573975
16,-5.10542,55.448828
17,-6.176172,56.288721
17,-6.32583,56.320947
17,-6.184863,56.356885
17,-6.138867,56.490625
17,-6.310645,56.552148
17,-6.286328,56.611865
17,-6.102734,56.645654
17,-5.94668,56.534521
17,-5.76084,56.490674
17,-5.777881,56.344336
17,-6.176172,56.288721
18,-6.128906,55.930566
18,-6.055322,55.695312
18,-6.253174,55.607227
18,-6.305078,55.606934
18,-6.27002,55.670313
18,-6.301758,55.780615
18,-6.495654,55.711572
18,-6.413184,55.854639
18,-6.128906,55.930566
19,-5.990918,55.803809
19,-6.060352,55.8229
19,-6.071973,55.893115
19,-5.911768,55.974756
19,-5.970312,55.992188
19,-5.939062,56.045264
19,-5.725146,56.118555
19,-5.990918,55.803809
20,-6.32583,58.188867
20,-6.55459,58.092871
20,-6.403369,58.075879
20,-6.425195,58.021289
20,-6.796582,57.827539
20,-6.956934,57.750049
20,-7.083447,57.81377
20,-6.856836,57.923535
20,-7.05708,58.003174
20,-6.985303,58.050488
20,-7.088477,58.095361
20,-7.085254,58.182178
20,-7.028418,58.222314
20,-6.726465,58.189404
20,-6.776465,58.301514
20,-6.237451,58.502832
20,-6.198682,58.363281
20,-6.32583,58.188867
21,-6.30874,56.951807
21,-6.383398,56.970898
21,-6.432617,57.01792
21,-6.278223,57.031396
21,-6.260547,56.985254
21,-6.30874,56.951807
22,-6.166064,57.585303
22,-6.135547,57.314258
22,-5.706006,57.268945
22,-5.668652,57.226904
22,-5.987305,57.044434
22,-6.034375,57.201221
22,-6.322705,57.20249
22,-6.442432,57.32749
22,-6.675439,57.362891
22,-6.761133,57.442383
22,-6.704199,57.495752
22,-6.583008,57.507129
22,-6.616797,57.562695
22,-6.378516,57.60332
22,-6.357666,57.666797
22,-6.305957,57.671973
22,-6.166064,57.585303
23,-7.092773,57.62666
23,-7.182617,57.533301
23,-7.320557,57.53374
23,-7.515625,57.615869
23,-7.470312,57.652539
23,-7.205566,57.682959
23,-7.092773,57.62666
24,-7.247559,57.126367
24,-7.381494,57.130664
24,-7.415918,57.192139
24,-7.410547,57.381104
24,-7.267139,57.371777
24,-7.247559,57.126367
25,-7.398926,56.98335
25,-7.542969,56.972363
25,-7.522949,57.006787
25,-7.398926,56.98335
26,-6.303662,54.094873
26,-6.649805,54.058643
26,-6.646875,54.163428
26,-6.802588,54.214355
26,-6.877246,54.329102
26,-7.007715,54.406689
26,-7.202588,54.301807
26,-7.155469,54.239502
26,-7.324512,54.133447
26,-7.606543,54.143848
26,-7.854932,54.215283
26,-7.884473,54.283789
26,-8.144824,54.453516
26,-7.754395,54.594922
26,-7.910596,54.69834
26,-7.550391,54.767969
26,-7.376904,55.027686
26,-7.218652,55.091992
26,-7.100635,55.048291
26,-6.947168,55.18252
26,-6.475049,55.241016
26,-6.12915,55.217383
26,-5.869189,54.916211
26,-5.716846,54.81748
26,-5.710742,54.75708
26,-5.879102,54.684375
26,-5.878613,54.641309
26,-5.58252,54.663428
26,-5.47041,54.500195
26,-5.483887,54.44165
26,-5.671094,54.549756
26,-5.655957,54.381738
26,-5.557812,54.370996
26,-5.606787,54.272559
26,-5.826172,54.23584
26,-5.937744,54.089062
26,-6.019043,54.05127
26,-6.303662,54.094873
27,-1.065576,50.690234
27,-1.196094,50.599219
27,-1.306299,50.588525
27,-1.563428,50.666113
27,-1.312793,50.773486
27,-1.065576,50.690234
28,30.796289,46.552002
28,30.656738,46.266504
28,30.219043,45.866748
28,29.821191,45.73208
28,29.685059,45.754688
28,29.628418,45.722461
28,29.601172,45.6
28,29.670313,45.540674
28,29.726953,45.343311
28,29.705859,45.259912
28,29.567676,45.370801
28,29.403711,45.419678
28,29.223535,45.40293
28,28.894336,45.289941
28,28.781738,45.309863
28,28.760742,45.234131
28,28.45127,45.292187
28,28.317676,45.347119
28,28.2125,45.450439
28,28.499023,45.517725
28,28.491602,45.665771
28,28.729297,45.852002
28,28.73877,45.937158
28,28.947754,46.049951
28,29.00625,46.176465
28,28.930566,46.362256
28,28.958398,46.458496
28,29.18623,46.523975
28,29.20459,46.379346
28,29.304883,46.466602
28,29.614941,46.398828
28,29.706836,46.44873
28,29.837891,46.350537
28,30.075684,46.377832
28,30.131055,46.423096
28,29.924316,46.538867
28,29.94248,46.723779
28,29.877832,46.828906
28,29.571973,46.964014
28,29.510938,47.128027
28,29.53916,47.270996
28,29.134863,47.489697
28,29.211133,47.775
28,29.194824,47.882422
28,29.125391,47.964551
28,28.923145,47.951123
28,28.773828,48.11958
28,28.530469,48.150293
28,28.463086,48.090527
28,28.423047,48.146875
28,28.340527,48.144434
28,28.347168,48.213037
28,28.291016,48.238574
28,28.088477,48.257031
28,28.038477,48.321289
28,27.82002,48.41626
28,27.549219,48.477734
28,27.228516,48.371436
28,26.84707,48.387158
28,26.618945,48.259863
28,26.305664,48.20376
28,26.276953,48.113232
28,26.162695,47.992529
28,25.464258,47.910791
28,25.169629,47.823096
28,25.073828,47.745703
28,24.893359,47.717773
28,24.578906,47.931055
28,24.484082,47.947119
28,24.177734,47.906055
28,23.669043,47.992334
28,23.408203,47.98999
28,23.139453,48.087402
28,23.054785,48.006543
28,22.87666,47.947266
28,22.857227,48.029541
28,22.769141,48.109619
28,22.582422,48.134033
28,22.520117,48.205371
28,22.350195,48.256055
28,22.253711,48.407373
28,22.131836,48.405322
28,22.142871,48.568506
28,22.295215,48.68584
28,22.538672,49.072705
28,22.839746,49.038916
28,22.84707,49.08125
28,22.705664,49.171191
28,22.732422,49.295166
28,22.649414,49.539014
28,22.706152,49.606201
28,23.036328,49.899072
28,23.711719,50.377344
28,23.972656,50.410059
28,24.089941,50.530469
28,24.094727,50.617041
28,23.978418,50.785596
28,24.105762,50.844971
28,24.095801,50.872754
28,23.985742,50.94043
28,23.863477,51.126221
28,23.664453,51.310059
28,23.679688,51.394922
28,23.605273,51.51792
28,23.608594,51.610498
28,23.64668,51.628857
28,23.97832,51.591309
28,24.280078,51.774707
28,24.361914,51.867529
28,25.066699,51.930518
28,25.785742,51.923828
28,26.773438,51.770703
28,27.141992,51.752051
28,27.296289,51.597412
28,27.689746,51.572412
28,27.7,51.477979
28,27.858594,51.592383
28,28.010742,51.559766
28,28.183789,51.607861
28,28.599023,51.542627
28,28.647754,51.456543
28,28.73125,51.433398
28,28.849512,51.540186
28,29.102051,51.627539
28,29.346484,51.382568
28,29.553125,51.43457
28,30.160742,51.477881
28,30.308984,51.399609
28,30.333398,51.325537
28,30.544531,51.265039
28,30.63252,51.35542
28,30.533008,51.596338
28,30.583887,51.688965
28,30.755273,51.895166
28,31,52.0522215783257
28,31,46.5953498190305
28,30.796289,46.552002
29,25.740234,40.105469
29,25.668945,40.135889
29,25.740918,40.196289
29,25.918359,40.237988
29,25.977051,40.177832
29,25.97002,40.136328
29,25.740234,40.105469
30,31,36.8440674457276
30,30.644043,36.865674
30,30.582031,36.797168
30,30.558496,36.52583
30,30.446094,36.269873
30,30.387305,36.243262
30,30.231641,36.307324
30,29.689063,36.156689
30,29.223633,36.324463
30,29.143262,36.397217
30,29.038281,36.693457
30,28.969629,36.715332
30,28.816895,36.675293
30,28.483594,36.803809
30,28.303711,36.811963
30,28.195605,36.686328
30,28.019434,36.634473
30,28.083984,36.751465
30,27.803809,36.736475
30,27.655859,36.674609
30,27.453906,36.712158
30,27.466895,36.746338
30,27.630859,36.78667
30,28.005371,36.831982
30,28.242383,37.029053
30,27.348926,37.01958
30,27.262988,36.976562
30,27.249707,37.07915
30,27.300195,37.126855
30,27.535059,37.163867
30,27.520117,37.249121
30,27.219238,37.38916
30,27.147949,37.603613
30,27.067969,37.65791
30,27.224414,37.725439
30,27.254785,37.882324
30,27.232422,37.978662
30,26.878613,38.054785
30,26.807422,38.13833
30,26.682813,38.19834
30,26.582422,38.149268
30,26.290723,38.277197
30,26.343652,38.370068
30,26.416406,38.367871
30,26.377832,38.62417
30,26.441309,38.641211
30,26.513574,38.629492
30,26.586523,38.557031
30,26.59502,38.418604
30,26.674219,38.335742
30,26.727344,38.418604
30,26.861426,38.372949
30,27.144238,38.451953
30,26.97041,38.447852
30,26.906836,38.481738
30,26.763672,38.709619
30,26.90918,38.775781
30,27.013672,38.886865
30,26.814941,38.960986
30,26.853613,39.115625
30,26.681836,39.292236
30,26.910938,39.517334
30,26.899219,39.549658
30,26.113086,39.467383
30,26.181348,39.990088
30,26.313379,40.025
30,26.738086,40.400244
30,27.012109,40.396338
30,27.12168,40.452344
30,27.28457,40.455615
30,27.332617,40.375928
30,27.475586,40.319922
30,27.728027,40.328809
30,27.848535,40.381738
30,27.731836,40.481494
30,27.874902,40.512939
30,27.989551,40.489453
30,27.928906,40.38042
30,27.962598,40.369873
30,28.289062,40.403027
30,29.007129,40.389746
30,29.055176,40.42417
30,28.787891,40.534033
30,29.054102,40.649121
30,29.844922,40.738086
30,29.364746,40.809277
30,29.113867,40.937842
30,29.045508,41.007568
30,29.094336,41.177246
30,29.148145,41.221045
30,29.919336,41.15083
30,30.344922,41.196924
30,30.810059,41.084863
30,31,41.094579016928
30,31,36.8440674457276
31,27.987305,41.854883
31,28.197852,41.554492
31,28.346387,41.466357
31,29.057227,41.229736
31,28.95625,41.008203
31,28.780371,40.97417
31,28.172168,41.080713
31,27.925195,40.990576
31,27.747363,41.013281
31,27.499414,40.973145
31,27.430176,40.839941
31,27.258008,40.687354
31,26.77207,40.498047
31,26.32998,40.123389
31,26.202734,40.075391
31,26.260156,40.202393
31,26.253809,40.314697
31,26.447461,40.44502
31,26.720313,40.544238
31,26.79209,40.626611
31,26.105469,40.611328
31,26.038965,40.726758
31,26.10918,40.749658
31,26.331055,40.954492
31,26.330664,41.23877
31,26.602344,41.35415
31,26.624902,41.401758
31,26.581348,41.60127
31,26.320898,41.716553
31,26.327246,41.772803
31,26.511426,41.826367
31,26.615332,41.964893
31,26.884863,41.991846
31,27.011719,42.058643
31,27.244336,42.093262
31,27.534863,41.920801
31,27.879199,41.986621
31,28.014453,41.969043
31,27.987305,41.854883
32,11.502441,33.155566
32,11.4735530863134,33
32,8.15484243067186,33
32,8.075586,33.089062
32,7.731348,33.268506
32,7.500195,33.832471
32,7.513867,34.080518
32,7.748535,34.254492
32,7.838281,34.410303
32,8.123438,34.563916
32,8.245605,34.734082
32,8.276855,34.979492
32,8.394238,35.203857
32,8.316406,35.403125
32,8.318066,35.654932
32,8.24707,35.801807
32,8.34873,36.367969
32,8.302734,36.455615
32,8.207617,36.518945
32,8.369629,36.63252
32,8.444238,36.760742
32,8.60127,36.833936
32,8.576563,36.937207
32,8.823535,36.997607
32,9.141992,37.194629
32,9.687988,37.340381
32,9.838477,37.308984
32,9.783984,37.211426
32,9.830273,37.135352
32,9.896387,37.181641
32,9.875586,37.25415
32,10.087402,37.25127
32,10.196387,37.205859
32,10.18877,37.033887
32,10.334082,36.865381
32,10.293262,36.781494
32,10.412305,36.731836
32,10.518164,36.791357
32,10.571289,36.879443
32,10.766211,36.930273
32,10.951367,37.059277
32,11.053906,37.07251
32,11.12666,36.874072
32,10.967188,36.743018
32,10.798145,36.493115
32,10.525684,36.32334
32,10.476562,36.175146
32,10.505762,36.032422
32,10.59082,35.887256
32,11.004297,35.633838
32,11.043262,35.335107
32,11.120117,35.240283
32,10.690918,34.678467
32,10.118359,34.280078
32,10.040039,34.140332
32,10.049023,34.056299
32,10.158984,33.850049
32,10.305273,33.728271
32,10.454297,33.6625
32,10.713184,33.689014
32,10.722754,33.514404
32,10.898438,33.533691
32,10.958008,33.626318
32,11.08457,33.562891
32,11.150293,33.369238
32,11.257422,33.308838
32,11.202637,33.249219
32,11.400586,33.224902
32,11.502441,33.155566
33,11.123633,34.681689
33,11.153027,34.74458
33,11.254883,34.820312
33,11.281055,34.802197
33,11.278027,34.753809
33,11.123633,34.681689
34,11.037598,33.785059
34,10.857422,33.687158
34,10.72207,33.738916
34,10.745215,33.888672
34,10.921973,33.893115
34,11.017871,33.82334
34,11.037598,33.785059
35,9.182813,47.670703
35,9.625879,47.467041
35,9.484277,47.172656
35,9.487695,47.062256
35,9.845313,47.007373
35,9.877734,46.937695
35,10.133496,46.851514
35,10.349414,46.984766
35,10.414941,46.964404
35,10.45459,46.899414
35,10.397949,46.665039
35,10.438281,46.618848
35,10.430664,46.550049
35,10.272266,46.564844
35,10.195508,46.621094
35,10.087012,46.599902
35,10.038281,46.483203
35,10.109668,46.362842
35,10.12832,46.238232
35,10.041016,46.238086
35,9.939258,46.361816
35,9.639453,46.295898
35,9.528711,46.306201
35,9.427637,46.482324
35,9.304395,46.495557
35,9.260156,46.475195
35,9.251074,46.286768
35,9.003027,46.014893
35,9.04668,45.875586
35,8.953711,45.830029
35,8.778027,45.996191
35,8.818555,46.077148
35,8.641699,46.110791
35,8.458398,46.245898
35,8.422559,46.446045
35,8.095703,46.271045
35,8.125195,46.160937
35,7.993164,46.015918
35,7.787891,45.921826
35,7.538574,45.978174
35,7.129004,45.88042
35,7.055762,45.903809
35,6.77207,46.165137
35,6.816797,46.275195
35,6.758105,46.415771
35,6.428906,46.430518
35,6.234668,46.332617
35,6.272949,46.252246
35,6.199414,46.193066
35,5.971484,46.151221
35,5.97002,46.214697
35,6.095898,46.279395
35,6.123242,46.378613
35,6.060254,46.428174
35,6.160742,46.611035
35,6.410156,46.75542
35,6.45625,46.94834
35,6.666895,47.026514
35,6.952051,47.267187
35,7.000586,47.339453
35,6.900391,47.394238
35,7.053418,47.489355
35,7.265723,47.425781
35,7.42002,47.455176
35,7.494922,47.547363
35,7.615625,47.592725
35,7.927051,47.563867
35,8.198242,47.606934
35,8.454004,47.596191
35,8.56709,47.651904
35,8.403418,47.687793
35,8.572656,47.775635
35,8.72832,47.700049
35,8.831152,47.703613
35,8.881152,47.656396
35,9.182813,47.670703
36,18.99375,57.812109
36,18.945117,57.741602
36,18.813867,57.706201
36,18.790918,57.483105
36,18.90791,57.39834
36,18.784863,57.361084
36,18.699902,57.242725
36,18.477344,57.163037
36,18.387207,57.087646
36,18.340234,56.978223
36,18.146387,56.920508
36,18.285352,57.083203
36,18.105078,57.271875
36,18.151953,57.339062
36,18.136523,57.556641
36,18.537402,57.830566
36,18.721875,57.863721
36,18.805176,57.833154
36,18.841113,57.900195
36,18.900586,57.915479
36,19.076465,57.835938
36,18.99375,57.812109
37,16.477148,56.240186
37,16.431641,56.24375
37,16.40127,56.310889
37,16.412305,56.568994
37,16.630371,56.876855
37,16.727734,56.902002
37,16.995996,57.317773
37,17.025391,57.345068
37,17.117676,57.319824
37,17.050391,57.280469
37,17.053516,57.208008
37,16.883691,56.985205
37,16.838281,56.840527
37,16.778027,56.805225
37,16.477148,56.240186
38,11.470703,58.909521
38,11.642773,58.926074
38,11.712207,59.018652
38,11.798145,59.289893
38,11.680762,59.592285
38,11.834277,59.697168
38,11.932129,59.863672
38,12.169238,59.912891
38,12.486133,60.106787
38,12.51582,60.305225
38,12.588672,60.450732
38,12.314648,60.892139
38,12.294141,61.002686
38,12.706055,61.059863
38,12.880762,61.352295
38,12.596094,61.541309
38,12.155371,61.720752
38,12.301367,62.21377
38,12.303516,62.285596
38,12.114551,62.591895
38,12.139844,62.721338
38,12.108594,62.919482
38,12.2172358795824,63
38,18.502051,62.988867
38,18.463086,62.89585
38,18.248047,62.849072
38,18.17002,62.789355
38,18.074414,62.790674
38,18.093555,62.836035
38,17.951074,62.833887
38,17.87959,62.873193
38,17.974414,62.721045
38,17.903027,62.659473
38,18.037305,62.600537
38,17.834473,62.502734
38,17.570605,62.451025
38,17.410254,62.508398
38,17.37334,62.426514
38,17.429004,62.334717
38,17.633691,62.233008
38,17.510156,62.166309
38,17.374512,61.866309
38,17.46543,61.684473
38,17.196387,61.724561
38,17.215625,61.656348
38,17.130762,61.575732
38,17.164258,61.458301
38,17.137988,61.381689
38,17.199609,61.311963
38,17.163867,61.278271
38,17.20293,60.951855
38,17.278906,60.812158
38,17.250977,60.700781
38,17.359863,60.64082
38,17.593066,60.627686
38,17.661133,60.535156
38,17.955762,60.589795
38,18.1625,60.40791
38,18.55752,60.253564
38,18.535449,60.152881
38,18.787012,60.079492
38,18.852734,60.025879
38,18.99043,59.827783
38,18.970508,59.757227
38,18.276465,59.437646
38,17.964258,59.359375
38,17.979785,59.329053
38,18.132617,59.316211
38,18.508887,59.407959
38,18.617578,59.327051
38,18.414258,59.290332
38,18.373047,59.179736
38,18.285352,59.109375
38,17.456738,58.858398
38,17.347656,58.780518
38,16.978125,58.65415
38,16.214258,58.63667
38,16.788477,58.585254
38,16.923828,58.492578
38,16.651953,58.434326
38,16.769922,58.214258
38,16.700098,58.160791
38,16.694922,57.917529
38,16.596973,57.912891
38,16.555371,57.812256
38,16.604199,57.568311
38,16.652246,57.500684
38,16.630859,57.430176
38,16.475977,57.265137
38,16.52793,57.068164
38,16.34873,56.709277
38,16.216504,56.58999
38,15.99668,56.222607
38,15.920313,56.167383
38,15.82666,56.124951
38,15.626563,56.185596
38,14.713965,56.134131
38,14.754785,56.033154
38,14.558594,56.048633
38,14.215039,55.832617
38,14.20293,55.72915
38,14.341699,55.527734
38,14.17373,55.396631
38,13.806348,55.428564
38,13.321387,55.346387
38,12.88584,55.411377
38,12.940625,55.481592
38,12.973926,55.748145
38,12.471191,56.290527
38,12.706348,56.23501
38,12.80166,56.263916
38,12.656445,56.440576
38,12.857422,56.452393
38,12.919531,56.515576
38,12.883691,56.617725
38,12.717578,56.662842
38,12.572656,56.823291
38,12.421484,56.906396
38,12.151855,57.226953
38,12.053223,57.446973
38,11.961523,57.426074
38,11.878711,57.679443
38,11.734961,57.717676
38,11.703223,57.973193
38,11.549023,58.001221
38,11.449316,58.118359
38,11.431543,58.33999
38,11.248242,58.369141
38,11.271582,58.475635
38,11.20791,58.866406
38,11.147168,58.988623
38,11.166895,59.045557
38,11.295313,59.086865
38,11.388281,59.036523
38,11.470703,58.909521
39,19.138379,57.860254
39,19.039258,57.911035
39,19.134863,57.981348
39,19.331445,57.962891
39,19.156348,57.922607
39,19.138379,57.860254
40,18.371875,59.01958
40,18.397559,59.089111
40,18.485547,59.10459
40,18.416211,59.029102
40,18.371875,59.01958
41,18.570312,59.437256
41,18.545117,59.477832
41,18.572363,59.52583
41,18.698438,59.534619
41,18.570312,59.437256
42,1.571191,38.658838
42,1.405762,38.670996
42,1.401953,38.711426
42,1.436328,38.768213
42,1.496875,38.711914
42,1.592676,38.701465
42,1.571191,38.658838
43,3.241113,39.756689
43,3.395898,39.777295
43,3.448926,39.76123
43,3.461816,39.697754
43,3.244727,39.386621
43,3.072852,39.30127
43,2.799805,39.385059
43,2.700586,39.542139
43,2.634082,39.556201
43,2.499512,39.477881
43,2.37002,39.57207
43,2.371289,39.613086
43,2.784961,39.854834
43,3.158691,39.970508
43,3.197559,39.961084
43,3.164453,39.924219
43,3.198633,39.889844
43,3.145313,39.790088
43,3.241113,39.756689
44,4.275293,39.830273
44,3.867188,39.95874
44,3.853418,40.063037
44,4.05918,40.075098
44,4.225781,40.032373
44,4.32207,39.89751
44,4.275293,39.830273
45,1.408984,38.857275
45,1.22334,38.903857
45,1.302539,39.031152
45,1.348633,39.080811
45,1.564453,39.121045
45,1.613184,39.087402
45,1.623633,39.038818
45,1.408984,38.857275
46,-1.794043,43.407324
46,-1.712842,43.307031
46,-1.410693,43.240088
46,-1.480469,43.071143
46,-1.42876,43.036768
46,-1.370508,43.037598
46,-1.300049,43.100977
46,-1.285449,43.059619
46,-1.175439,43.021143
46,-0.762646,42.939795
46,-0.586426,42.798975
46,-0.299316,42.825342
46,-0.041162,42.689111
46,0.201367,42.719336
46,0.631641,42.6896
46,0.696875,42.845117
46,1.349414,42.690674
46,1.42832,42.595898
46,1.448828,42.437451
46,1.706055,42.50332
46,1.92793,42.426318
46,1.986523,42.358496
46,2.200391,42.420947
46,2.65166,42.340479
46,2.701855,42.408496
46,2.891406,42.456055
46,3.211426,42.431152
46,3.306738,42.288965
46,3.166406,42.256494
46,3.150391,42.162451
46,3.238086,42.082227
46,3.248047,41.944238
46,3.004883,41.767432
46,2.310938,41.466504
46,2.082617,41.287402
46,1.03291,41.062061
46,0.714648,40.822852
46,0.891113,40.722363
46,0.720605,40.630469
46,0.596094,40.614502
46,0.363672,40.319043
46,-0.075146,39.875928
46,-0.327002,39.519873
46,-0.328955,39.41709
46,-0.204932,39.062598
46,-0.034131,38.891211
46,0.154883,38.824658
46,0.201563,38.75918
46,-0.052734,38.585693
46,-0.38125,38.435645
46,-0.520801,38.317285
46,-0.550684,38.203125
46,-0.646777,38.151855
46,-0.683203,37.992041
46,-0.814648,37.769922
46,-0.823096,37.711621
46,-0.721582,37.631055
46,-0.822168,37.580762
46,-1.327539,37.561133
46,-1.640967,37.386963
46,-1.797607,37.232861
46,-1.939307,36.94585
46,-2.111523,36.77666
46,-2.187695,36.745459
46,-2.305566,36.819824
46,-2.452832,36.831152
46,-2.787549,36.714746
46,-3.14917,36.758496
46,-3.43125,36.70791
46,-3.827783,36.756055
46,-4.366846,36.718115
46,-4.674121,36.506445
46,-4.935303,36.502051
46,-5.171484,36.423779
46,-5.329687,36.235742
46,-5.360937,36.134912
46,-5.443604,36.150586
46,-5.4625,36.073779
46,-5.625488,36.025928
46,-6.040674,36.188428
46,-6.22627,36.426465
46,-6.268945,36.596729
46,-6.384131,36.637012
46,-6.412256,36.728857
46,-6.32832,36.848145
46,-6.216797,36.913574
46,-6.320947,36.908496
46,-6.396191,36.831641
46,-6.492432,36.954639
46,-6.884619,37.194238
46,-6.86377,37.278906
46,-6.974658,37.198437
46,-7.406152,37.179443
46,-7.503516,37.585498
46,-7.443945,37.728271
46,-7.185449,38.006348
46,-7.022852,38.044727
46,-6.957568,38.187891
46,-7.106396,38.181006
46,-7.343018,38.457422
46,-7.281543,38.714551
46,-7.046045,38.907031
46,-6.997949,39.056445
46,-7.042969,39.10708
46,-7.172412,39.135205
46,-7.305762,39.338135
46,-7.335449,39.465137
46,-7.445117,39.536182
46,-7.535693,39.661572
46,-7.117676,39.681689
46,-7.036719,39.713965
46,-6.975391,39.798389
46,-6.896094,40.021826
46,-7.032617,40.16792
46,-6.810156,40.343115
46,-6.852051,40.443262
46,-6.835889,40.77749
46,-6.928467,41.009131
46,-6.690137,41.214502
46,-6.2125,41.532031
46,-6.308057,41.642187
46,-6.542187,41.67251
46,-6.55752,41.874121
46,-6.618262,41.942383
46,-7.147119,41.981152
46,-7.209619,41.895264
46,-7.403613,41.833691
46,-7.693066,41.888477
46,-7.92085,41.883643
46,-8.15249,41.811963
46,-8.224756,41.89585
46,-8.12998,42.018164
46,-8.213086,42.133691
46,-8.266064,42.137402
46,-8.589648,42.052734
46,-8.852344,41.926904
46,-8.887207,42.105273
46,-8.690918,42.27417
46,-8.81582,42.285254
46,-8.730029,42.411719
46,-8.812109,42.470068
46,-8.811523,42.640332
46,-9.033105,42.593848
46,-9.035059,42.662354
46,-8.927197,42.798584
46,-9.041602,42.814014
46,-9.235205,42.976904
46,-9.178076,43.174023
46,-8.873682,43.334424
46,-8.665625,43.316602
46,-8.355469,43.396826
46,-8.248926,43.439404
46,-8.288867,43.5396
46,-8.256738,43.579883
46,-8.004687,43.694385
46,-7.698145,43.764551
46,-7.503613,43.739941
46,-7.261963,43.594629
46,-7.060986,43.553955
46,-6.080127,43.594922
46,-5.84668,43.645068
46,-5.66582,43.582471
46,-4.523047,43.415723
46,-3.604639,43.519482
46,-3.045605,43.371582
46,-2.875049,43.454443
46,-2.337109,43.328027
46,-1.991309,43.345068
46,-1.794043,43.407324
47,22.538672,49.072705
47,22.389453,48.873486
47,22.295215,48.68584
47,22.142871,48.568506
47,22.111328,48.393359
47,21.721484,48.346582
47,21.451367,48.552246
47,21.067285,48.505908
47,20.866602,48.545654
47,20.490039,48.526904
47,20.333789,48.295557
47,19.950391,48.146631
47,19.898633,48.131348
47,19.625391,48.223096
47,19.564258,48.212842
47,19.466992,48.110693
47,18.91416,48.05083
47,18.791895,48.000293
47,18.750098,47.939453
47,18.778027,47.852881
47,18.724219,47.787158
47,17.761914,47.770166
47,17.635254,47.809912
47,17.317285,47.990918
47,17.085938,48.039551
47,16.86543,48.386914
47,16.985254,48.676904
47,17.135645,48.841064
47,17.482617,48.827783
47,17.758496,48.888135
47,18.085938,49.065137
47,18.160938,49.257373
47,18.364844,49.33623
47,18.596484,49.491455
47,18.938184,49.498291
47,18.968359,49.39624
47,19.149414,49.4
47,19.250195,49.511426
47,19.441602,49.597705
47,19.630273,49.406641
47,19.773926,49.372168
47,19.756641,49.204395
47,19.802246,49.192334
47,19.916113,49.221387
47,20.057617,49.181299
47,20.163672,49.316406
47,20.362988,49.385254
47,20.616113,49.391699
47,20.868457,49.314697
47,21.001172,49.339844
47,21.079395,49.418262
47,21.639648,49.411963
47,21.890137,49.343457
47,22.020117,49.209521
47,22.538672,49.072705
48,16.516211,46.499902
48,16.258398,46.50791
48,16.227441,46.372852
48,16.066504,46.371338
48,15.933301,46.277637
48,15.635938,46.200732
48,15.592578,46.13999
48,15.666211,46.048486
48,15.652148,45.862158
48,15.277051,45.732617
48,15.353711,45.659912
48,15.283594,45.579687
48,15.339453,45.467041
48,15.24209,45.441406
48,14.95459,45.499902
48,14.793066,45.478223
48,14.568848,45.657227
48,14.369922,45.481445
48,13.992773,45.509424
48,13.878711,45.428369
48,13.615234,45.476758
48,13.57793,45.516895
48,13.874707,45.614844
48,13.72168,45.761279
48,13.583398,45.812354
48,13.600586,45.979785
48,13.487695,45.987109
48,13.486426,46.039551
48,13.63252,46.177051
48,13.420996,46.212305
48,13.378223,46.261621
48,13.399512,46.317529
48,13.679688,46.462891
48,13.7,46.520264
48,14.549805,46.399707
48,14.893262,46.605908
48,15.439258,46.629639
48,15.766895,46.711279
48,15.957617,46.677637
48,15.976855,46.801367
48,16.093066,46.863281
48,16.283594,46.857275
48,16.38125,46.638672
48,16.516211,46.499902
49,21.523145,44.790088
49,21.636133,44.710449
49,22.026953,44.619873
49,22.093066,44.541943
49,22.200977,44.560693
49,22.350684,44.676123
49,22.497656,44.70625
49,22.734375,44.569922
49,22.554004,44.540332
49,22.502344,44.4896
49,22.530664,44.377979
49,22.647949,44.316455
49,22.705078,44.237793
49,22.626563,44.194092
49,22.597461,44.075293
49,22.420801,44.007422
49,22.369629,43.781299
49,22.55459,43.454492
49,22.767578,43.35415
49,22.976855,43.187988
49,22.942285,43.09707
49,22.706152,42.883936
49,22.466797,42.84248
49,22.43623,42.629102
49,22.532422,42.481201
49,22.42207,42.328857
49,22.344043,42.313965
49,22.239746,42.358154
49,21.5625,42.24751
49,21.518945,42.328418
49,21.609863,42.387451
49,21.75293,42.669824
49,21.390625,42.751416
49,21.403027,42.831543
49,21.237109,42.913232
49,21.057031,43.091699
49,20.844434,43.173437
49,20.800586,43.261084
49,20.623145,43.198633
49,20.657617,43.099854
49,20.624023,43.03418
49,20.475098,42.953027
49,20.468848,42.85791
49,20.344336,42.82793
49,20.339941,42.892871
49,20.268457,42.935449
49,19.944043,43.081641
49,19.614453,43.173437
49,19.21875,43.449951
49,19.194336,43.533301
49,19.254492,43.584375
49,19.45127,43.562061
49,19.495117,43.642871
49,19.488184,43.703564
49,19.24502,43.965039
49,19.549512,43.987109
49,19.583789,44.043457
49,19.338867,44.22583
49,19.151855,44.302539
49,19.118457,44.359961
49,19.151367,44.527344
49,19.291895,44.696777
49,19.348633,44.880908
49,19.236816,44.914258
49,19.007129,44.869189
49,18.995508,44.904004
49,19.085254,44.926758
49,19.062891,45.137207
49,19.129688,45.151709
49,19.136914,45.19624
49,19.303027,45.167285
49,19.388086,45.172998
49,19.4,45.2125
49,19.004688,45.399512
49,19.007617,45.46582
49,19.064258,45.51499
49,18.917871,45.60083
49,18.947266,45.655811
49,18.839063,45.835742
49,18.893555,45.865527
49,18.905371,45.931738
49,19.066211,46.009521
49,19.278125,46.002881
49,19.530762,46.155176
49,20.210156,46.126025
49,20.358594,45.975488
49,20.581152,45.869482
49,20.709277,45.735254
49,20.775,45.749805
49,20.794043,45.467871
49,21.023828,45.321533
49,21.490234,45.1479
49,21.420703,45.032959
49,21.35293,45.008984
49,21.532324,44.900684
49,21.35791,44.861816
49,21.360059,44.82666
49,21.523145,44.790088
50,12.426367,43.894092
50,12.396875,43.93457
50,12.503711,43.989746
50,12.485254,43.901416
50,12.426367,43.894092
51,30.98418,54.695898
51,30.791016,54.806006
51,30.829883,54.91499
51,30.977734,55.050488
51,30.958887,55.137598
51,30.814453,55.278711
51,30.900586,55.397412
51,30.882227,55.596387
51,30.72168,55.622119
51,30.45625,55.786816
51,30.233594,55.845215
51,29.937012,55.845264
51,29.482227,55.68457
51,29.353418,55.784375
51,29.396094,55.912207
51,29.283008,55.967871
51,29.031738,56.021777
51,28.794727,55.942578
51,28.563965,56.091992
51,28.284277,56.055908
51,28.147949,56.14292
51,28.202051,56.2604
51,28.169238,56.386865
51,28.103125,56.545703
51,28.00752,56.599854
51,27.89209,56.741064
51,27.881543,56.82417
51,27.806055,56.86709
51,27.639453,56.845654
51,27.717383,57.054639
51,27.830273,57.194482
51,27.828613,57.293311
51,27.538672,57.429785
51,27.511133,57.508154
51,27.351953,57.528125
51,27.4,57.666797
51,27.54209,57.799414
51,27.776953,57.856738
51,27.673438,57.934619
51,27.502441,58.221338
51,27.531348,58.435254
51,27.43418,58.787256
51,27.513086,58.886279
51,27.757617,59.052002
51,27.897656,59.277637
51,28.151074,59.374414
51,28.0125,59.484277
51,28.063965,59.554004
51,28.013965,59.724756
51,28.058008,59.781543
51,28.131152,59.786523
51,28.33457,59.692529
51,28.42373,59.734082
51,28.453906,59.814258
51,28.518164,59.849561
51,28.747656,59.806689
51,28.947266,59.82876
51,29.147266,59.999756
51,30.122559,59.873584
51,30.172656,59.957129
51,29.976758,60.026367
51,29.721191,60.195312
51,29.069141,60.191455
51,28.812695,60.331543
51,28.643164,60.375293
51,28.491602,60.540137
51,28.622461,60.491602
51,28.650586,60.610986
51,28.512793,60.677295
51,28.179297,60.570996
51,27.797656,60.536133
51,28.407422,60.896924
51,29.25166,61.287793
51,30.565625,62.127588
51,31,62.3641339057722
51,30.98418,54.695898
52,20.957813,55.278906
52,20.594824,54.982373
52,20.8875,54.909473
52,21.188867,54.935205
52,21.235742,55.264111
52,21.389258,55.275537
52,21.554688,55.195312
52,22.072363,55.063672
52,22.567285,55.059131
52,22.627441,54.970703
52,22.824707,54.871289
52,22.684473,54.562939
52,22.679883,54.493018
52,22.766211,54.356787
52,19.604395,54.45918
52,19.858887,54.633838
52,19.944141,54.75
52,19.974512,54.921191
52,20.107617,54.956494
52,20.39668,54.95127
52,20.520313,54.994873
52,20.899805,55.28667
52,20.957813,55.278906
53,28.317676,45.347119
53,28.760742,45.234131
53,28.781738,45.309863
53,28.894336,45.289941
53,29.223535,45.40293
53,29.403711,45.419678
53,29.567676,45.370801
53,29.705859,45.259912
53,29.635352,44.979639
53,29.55752,44.843408
53,29.048242,44.757568
53,29.081055,44.798828
53,29.047754,44.925684
53,29.095313,44.975049
53,28.980664,44.99292
53,28.891504,44.918652
53,28.926172,44.81001
53,28.849023,44.716309
53,28.807031,44.565039
53,28.888184,44.574756
53,28.64541,44.295654
53,28.658594,43.983838
53,28.585352,43.742236
53,28.221973,43.772852
53,28.05,43.822412
53,27.884277,43.987354
53,27.738574,43.956299
53,27.670898,43.997803
53,27.425391,44.020508
53,27.086914,44.167383
53,26.489258,44.083984
53,26.21582,44.007275
53,25.933398,43.870557
53,25.818848,43.766846
53,25.49707,43.670801
53,24.430566,43.794385
53,24.226758,43.763477
53,23.224609,43.873877
53,22.919043,43.834473
53,22.867676,43.864551
53,22.868262,43.9479
53,23.028516,44.077979
53,22.687891,44.248291
53,22.494531,44.435449
53,22.554004,44.540332
53,22.700781,44.555518
53,22.734375,44.569922
53,22.720898,44.605518
53,22.497656,44.70625
53,22.350684,44.676123
53,22.200977,44.560693
53,22.093066,44.541943
53,22.026953,44.619873
53,21.909277,44.666113
53,21.636133,44.710449
53,21.523145,44.790088
53,21.360059,44.82666
53,21.35791,44.861816
53,21.532324,44.900684
53,21.35293,45.008984
53,21.420703,45.032959
53,21.490234,45.1479
53,21.023828,45.321533
53,20.794043,45.467871
53,20.775,45.749805
53,20.709277,45.735254
53,20.581152,45.869482
53,20.358594,45.975488
53,20.241797,46.108594
53,20.508105,46.166943
53,20.613672,46.133496
53,20.707422,46.172803
53,20.760254,46.24624
53,21.039844,46.242236
53,21.12168,46.282422
53,21.191797,46.391553
53,21.264551,46.412305
53,21.252246,46.486377
53,21.320215,46.607812
53,21.49707,46.704297
53,21.494434,46.789746
53,21.652637,46.96377
53,21.661426,47.043896
53,21.785449,47.138135
53,21.869336,47.30459
53,21.995313,47.395703
53,21.999707,47.505029
53,22.290625,47.727832
53,22.608398,47.766309
53,22.87666,47.947266
53,23.054785,48.006543
53,23.139453,48.087402
53,23.408203,47.98999
53,23.669043,47.992334
53,24.177734,47.906055
53,24.578906,47.931055
53,24.893359,47.717773
53,25.073828,47.745703
53,25.169629,47.823096
53,25.464258,47.910791
53,26.162695,47.992529
53,26.276953,48.113232
53,26.305664,48.20376
53,26.71377,48.263477
53,26.980762,48.155029
53,27.152051,47.959277
53,27.336914,47.639746
53,27.614063,47.340527
53,27.853809,47.114502
53,28.071777,46.978418
53,28.239453,46.64082
53,28.244336,46.45127
53,28.119141,46.138672
53,28.099707,45.972607
53,28.159766,45.647119
53,28.074707,45.598975
53,28.317676,45.347119
54,-8.682959,42.008496
54,-8.213086,42.133691
54,-8.12998,42.018164
54,-8.224756,41.89585
54,-8.15249,41.811963
54,-7.92085,41.883643
54,-7.693066,41.888477
54,-7.403613,41.833691
54,-7.209619,41.895264
54,-7.147119,41.981152
54,-6.618262,41.942383
54,-6.55752,41.874121
54,-6.542187,41.67251
54,-6.308057,41.642187
54,-6.2125,41.532031
54,-6.690137,41.214502
54,-6.928467,41.009131
54,-6.835889,40.77749
54,-6.852051,40.443262
54,-6.810156,40.343115
54,-7.032617,40.16792
54,-6.896094,40.021826
54,-6.975391,39.798389
54,-7.036719,39.713965
54,-7.117676,39.681689
54,-7.535693,39.661572
54,-7.445117,39.536182
54,-7.335449,39.465137
54,-7.305762,39.338135
54,-7.172412,39.135205
54,-7.042969,39.10708
54,-6.997949,39.056445
54,-7.046045,38.907031
54,-7.281543,38.714551
54,-7.343018,38.457422
54,-7.106396,38.181006
54,-6.957568,38.187891
54,-7.022852,38.044727
54,-7.185449,38.006348
54,-7.443945,37.728271
54,-7.503516,37.585498
54,-7.406152,37.179443
54,-7.834131,37.005713
54,-8.136768,37.077051
54,-8.597656,37.121338
54,-8.848437,37.075684
54,-8.935352,37.016016
54,-8.997803,37.032275
54,-8.81416,37.430811
54,-8.791846,37.732812
54,-8.878955,37.958691
54,-8.802246,38.183838
54,-8.881104,38.44668
54,-8.668311,38.424316
54,-8.798877,38.518164
54,-9.213281,38.448096
54,-9.203369,38.538965
54,-9.250391,38.656738
54,-9.021484,38.746875
54,-8.977051,38.80293
54,-9.000488,38.903027
54,-8.938086,38.998096
54,-8.791602,39.078174
54,-8.954297,39.016064
54,-9.135791,38.742773
54,-9.356738,38.6979
54,-9.474121,38.730859
54,-9.414355,39.112109
54,-9.352832,39.248145
54,-9.374756,39.338281
54,-9.148291,39.542578
54,-8.837842,40.115674
54,-8.886621,40.179443
54,-8.872656,40.259082
54,-8.772412,40.605664
54,-8.684619,40.752539
54,-8.655566,41.029492
54,-8.805664,41.56001
54,-8.81084,41.651953
54,-8.75542,41.698389
54,-8.846387,41.705176
54,-8.887598,41.7646
54,-8.878223,41.83208
54,-8.682959,42.008496
55,23.658887,51.448975
55,23.664453,51.310059
55,23.863477,51.126221
55,23.985742,50.94043
55,24.095801,50.872754
55,24.105762,50.844971
55,23.978418,50.785596
55,24.094727,50.617041
55,24.089941,50.530469
55,23.972656,50.410059
55,23.711719,50.377344
55,23.036328,49.899072
55,22.706152,49.606201
55,22.649414,49.539014
55,22.732422,49.295166
55,22.705664,49.171191
55,22.84707,49.08125
55,22.809766,49.020752
55,22.020117,49.209521
55,21.890137,49.343457
55,21.639648,49.411963
55,21.079395,49.418262
55,21.001172,49.339844
55,20.868457,49.314697
55,20.616113,49.391699
55,20.362988,49.385254
55,20.163672,49.316406
55,20.057617,49.181299
55,19.916113,49.221387
55,19.756641,49.204395
55,19.773926,49.372168
55,19.630273,49.406641
55,19.441602,49.597705
55,19.250195,49.511426
55,19.149414,49.4
55,18.968359,49.39624
55,18.938184,49.498291
55,18.832227,49.510791
55,18.806934,49.613721
55,18.594629,49.757812
55,18.562402,49.879346
55,18.305273,49.914062
55,18.02832,50.035254
55,17.83125,49.983301
55,17.627051,50.116406
55,17.589355,50.157471
55,17.735449,50.230762
55,17.702246,50.307178
55,17.415234,50.254785
55,17.151953,50.37832
55,16.880078,50.427051
55,16.989648,50.236914
55,16.63916,50.102148
55,16.33418,50.366895
55,16.210352,50.42373
55,16.419727,50.573633
55,16.282227,50.655615
55,16.007227,50.611621
55,15.948535,50.670264
55,15.730566,50.739697
55,15.354395,50.811768
55,15.277051,50.883008
55,15.258594,50.958545
55,14.99375,51.014355
55,14.98291,50.886572
55,14.809375,50.858984
55,14.963867,51.095117
55,15.016602,51.252734
55,14.905957,51.46333
55,14.724707,51.523877
55,14.724902,51.661719
55,14.60166,51.832373
55,14.674902,51.904834
55,14.752539,52.081836
55,14.70459,52.110205
55,14.679883,52.25
55,14.55459,52.359668
55,14.619434,52.528516
55,14.514063,52.645605
55,14.128613,52.878223
55,14.138867,52.932861
55,14.368555,53.105566
55,14.410938,53.199023
55,14.414551,53.283496
55,14.258887,53.729639
55,14.583496,53.639355
55,14.558398,53.823193
55,14.213672,53.870752
55,14.198242,53.919043
55,14.211426,53.950342
55,14.38418,53.924707
55,15.288379,54.139893
55,16.186328,54.290381
55,16.559766,54.553809
55,16.885449,54.596387
55,17.261914,54.729541
55,18.085645,54.83584
55,18.323438,54.838184
55,18.759277,54.68457
55,18.799609,54.63335
55,18.43623,54.744727
55,18.669629,54.430908
55,18.97627,54.348926
55,19.407129,54.386084
55,19.604395,54.45918
55,22.168457,54.359863
55,22.731836,54.350098
55,22.893945,54.390527
55,23.453613,54.143457
55,23.598926,53.599219
55,23.887109,53.027539
55,23.90127,52.703613
55,23.410938,52.516211
55,23.175098,52.286621
55,23.597949,52.103076
55,23.652441,52.040381
55,23.607422,51.879785
55,23.625684,51.809326
55,23.544824,51.710254
55,23.539648,51.618896
55,23.658887,51.448975
56,12.2172358795824,63
56,12.108594,62.919482
56,12.139844,62.721338
56,12.114551,62.591895
56,12.303516,62.285596
56,12.155371,61.720752
56,12.596094,61.541309
56,12.880762,61.352295
56,12.706055,61.059863
56,12.294141,61.002686
56,12.314648,60.892139
56,12.588672,60.450732
56,12.51582,60.305225
56,12.486133,60.106787
56,12.169238,59.912891
56,11.932129,59.863672
56,11.834277,59.697168
56,11.680762,59.592285
56,11.798145,59.289893
56,11.712207,59.018652
56,11.642773,58.926074
56,11.470703,58.909521
56,11.365918,59.104541
56,10.834473,59.183936
56,10.644922,59.389209
56,10.595313,59.764551
56,10.533887,59.695801
56,10.569531,59.587109
56,10.398145,59.519336
56,10.407129,59.455664
56,10.446387,59.443604
56,10.431348,59.279639
56,10.179395,59.009277
56,10.083105,59.028809
56,9.842578,58.958496
56,9.800195,59.027051
56,9.635156,59.117773
56,9.557227,59.112695
56,9.696094,59.009717
56,9.656934,58.971191
56,9.309961,58.856836
56,9.395801,58.805664
56,8.928418,58.569971
56,8.521387,58.300586
56,8.166113,58.145313
56,7.465918,58.020947
56,7.004883,58.024219
56,6.903418,58.070508
56,6.912305,58.142871
56,6.877051,58.150732
56,6.802832,58.154541
56,6.731445,58.068311
56,6.590527,58.097314
56,6.555078,58.123437
56,6.69248,58.224023
56,6.659863,58.262744
56,6.389063,58.267969
56,6.054688,58.375146
56,5.706836,58.523633
56,5.517285,58.726514
56,5.555566,58.975195
56,5.612207,59.012891
56,6.099023,58.870264
56,6.363281,59.000928
56,6.099414,58.951953
56,5.88916,59.060498
56,5.88916,59.097949
56,5.968555,59.186133
56,5.951855,59.299072
56,6.403906,59.560986
56,5.845215,59.353467
56,5.564063,59.291211
56,5.362305,59.166357
56,5.173242,59.162549
56,5.131641,59.226465
56,5.185059,59.453662
56,5.304883,59.642578
56,5.403516,59.655762
56,5.472461,59.713086
56,5.772168,59.660938
56,5.867285,59.733984
56,6.216602,59.818359
56,5.833984,59.794678
56,5.763477,59.80791
56,5.730469,59.863086
56,6.069922,60.083496
56,6.140527,60.233496
56,6.518066,60.407568
56,6.573633,60.360596
56,6.526855,60.15293
56,6.719922,60.418164
56,6.995703,60.511963
56,6.346973,60.419092
56,6.15332,60.34624
56,5.904395,60.150635
56,5.876563,60.07002
56,5.698828,60.01001
56,5.494531,59.825586
56,5.145801,59.638818
56,5.104883,59.731689
56,5.119238,59.833691
56,5.219531,59.97876
56,5.174414,60.045703
56,5.205664,60.087939
56,5.494531,60.070312
56,5.688574,60.123193
56,5.28584,60.205713
56,5.183594,60.308398
56,5.137109,60.445605
56,5.64834,60.687988
56,5.244043,60.56958
56,5.11582,60.635986
56,5.049121,60.70752
56,5.008594,61.038184
56,5.09541,61.071338
56,5.505273,61.056104
56,5.983984,61.117334
56,6.417969,61.084277
56,6.777832,61.142432
56,6.97207,61.055957
56,6.980566,60.994141
56,7.038672,60.95293
56,7.07793,60.966309
56,7.040137,61.091162
56,7.604492,61.210547
56,7.403906,61.222168
56,7.346582,61.300586
56,7.442578,61.434619
56,7.331152,61.372021
56,7.27627,61.283936
56,7.275977,61.180957
56,7.173535,61.165967
56,6.657031,61.206592
56,6.610254,61.229102
56,6.599902,61.289648
56,6.492578,61.15459
56,6.383496,61.133887
56,6.08252,61.167285
56,5.646777,61.147607
56,5.45127,61.102344
56,5.106738,61.187549
56,5.02168,61.250586
56,5.002734,61.433594
56,5.338672,61.485498
56,5.167578,61.543359
56,4.927832,61.710693
56,4.930078,61.87832
56,5.465332,61.896924
56,6.01582,61.7875
56,6.466699,61.807422
56,6.730762,61.869775
56,6.131152,61.852441
56,5.473047,61.945605
56,5.266895,61.935596
56,5.15957,61.956982
56,5.096484,62.02666
56,5.143164,62.159912
56,5.240918,62.188672
56,5.357715,62.151709
56,5.533301,62.310889
56,5.718164,62.378906
56,5.908301,62.416016
56,6.083496,62.349609
56,6.208984,62.352783
56,6.580078,62.407275
56,6.692383,62.468066
56,6.136133,62.407471
56,6.118457,62.447168
56,6.35293,62.611133
56,6.961133,62.626758
56,7.570117,62.548193
56,7.690723,62.585596
56,7.527441,62.610303
56,7.538379,62.67207
56,8.095508,62.731836
56,8.045508,62.77124
56,7.408398,62.711768
56,7.24209,62.752344
56,6.734961,62.720703
56,6.94043,62.930469
56,7.25399578480761,63
56,8.20593100622257,63
56,8.623145,62.84624
56,8.40920872767771,63
56,12.2172358795824,63
57,4.958691,61.08457
57,4.799023,61.082715
57,4.824414,61.178223
57,4.91543,61.199365
57,4.973242,61.148242
57,4.958691,61.08457
58,5.089063,60.18877
58,4.996973,60.197754
58,4.955566,60.243311
58,4.930078,60.412061
58,4.957227,60.447266
58,5.050195,60.388965
58,5.089063,60.18877
59,5.993945,50.750439
59,5.693652,50.774658
59,5.639453,50.843604
59,5.75,50.950244
59,5.818262,51.086426
59,5.796484,51.153076
59,5.608789,51.198437
59,5.476855,51.285059
59,5.21416,51.278955
59,5.099902,51.346484
59,5.030957,51.469092
59,4.943945,51.407764
59,4.848047,51.403271
59,4.755664,51.491113
59,4.633984,51.421729
59,4.503418,51.474707
59,4.384766,51.427588
59,4.404004,51.36709
59,4.37373,51.356006
59,4.006543,51.443213
59,3.821875,51.409375
59,3.586914,51.453906
59,3.448926,51.540771
59,3.548633,51.589111
59,3.743945,51.596045
59,3.886035,51.574219
59,4.141309,51.455762
59,4.274121,51.471631
59,4.004785,51.59585
59,4.182617,51.610303
59,3.946875,51.810547
59,4.084863,51.994092
59,4.208789,52.058984
59,4.482813,52.30918
59,4.562109,52.442578
59,4.67832,52.809766
59,4.76875,52.941309
59,4.887988,52.90835
59,5.06123,52.960645
59,5.358398,53.096484
59,5.532031,53.268701
59,6.062207,53.40708
59,6.816211,53.441162
59,6.968164,53.327295
59,7.197266,53.282275
59,7.189941,52.999512
59,7.033008,52.651367
59,6.710742,52.617871
59,6.691602,52.530176
59,6.748828,52.464014
59,6.968164,52.444092
59,7.035156,52.380225
59,6.977246,52.205518
59,6.724512,52.080225
59,6.715625,52.036182
59,6.800391,51.967383
59,6.741797,51.910889
59,6.517578,51.853955
59,6.355664,51.824658
59,6.166504,51.880762
59,5.94873,51.802686
59,6.198828,51.45
59,6.075879,51.224121
59,6.12998,51.147412
59,5.85752,51.030127
59,6.048438,50.904883
59,5.993945,50.750439
60,4.211426,51.34873
60,3.902051,51.207666
60,3.580273,51.286182
60,3.43252,51.245752
60,3.350098,51.377686
60,3.589453,51.399414
60,3.883398,51.354492
60,4.011035,51.395947
60,4.111523,51.360645
60,4.226172,51.386475
60,4.211426,51.34873
61,6.193262,53.476807
61,6.159277,53.483936
61,6.333398,53.510742
61,6.193262,53.476807
62,5.732031,53.442627
62,5.654297,53.466504
62,5.929297,53.458838
62,5.732031,53.442627
63,4.92373,53.23457
63,5.027051,53.310205
63,5.108594,53.308008
63,4.92373,53.23457
64,5.325781,53.385742
64,5.190234,53.391797
64,5.582617,53.438086
64,5.325781,53.385742
65,4.787109,52.999805
65,4.70918,53.036035
65,4.886426,53.183301
65,4.886133,53.070703
65,4.787109,52.999805
66,3.949121,51.739453
66,4.075098,51.648779
66,3.950977,51.627051
66,3.819043,51.693994
66,3.731836,51.678223
66,3.698535,51.729687
66,3.949121,51.739453
67,6.64209,53.579199
67,6.668555,53.605664
67,6.800879,53.625488
67,6.734766,53.58252
67,6.64209,53.579199
68,-2.190771,35.029785
68,-1.795605,34.751904
68,-1.849658,34.607324
68,-1.733301,34.467041
68,-1.791797,34.36792
68,-1.706934,34.176074
68,-1.714111,33.781836
68,-1.63125,33.566748
68,-1.679199,33.318652
68,-1.5354396625414,33
68,-8.76466937517201,33
68,-8.596289,33.187158
68,-8.301172,33.374365
68,-7.562354,33.640283
68,-6.900977,33.969043
68,-6.755762,34.13291
68,-6.353125,34.776074
68,-5.924805,35.785791
68,-5.622852,35.828906
68,-5.397363,35.929883
68,-5.277832,35.902734
68,-5.337646,35.856543
68,-5.337646,35.745215
68,-5.252686,35.614746
68,-4.837207,35.281299
68,-4.62832,35.206396
68,-4.32998,35.161475
68,-3.693262,35.27998
68,-3.590625,35.22832
68,-3.394727,35.211816
68,-3.206006,35.239111
68,-2.972217,35.407275
68,-2.839941,35.127832
68,-2.219629,35.104199
68,-2.190771,35.029785
69,19.191602,43.521045
69,19.21875,43.449951
69,19.614453,43.173437
69,19.944043,43.081641
69,20.268457,42.935449
69,20.347656,42.852783
69,20.215137,42.798828
69,20.192578,42.754639
69,20.054297,42.760059
69,20.029492,42.732031
69,20.089258,42.631543
69,20.070312,42.55708
69,19.939063,42.506689
69,19.788281,42.476172
69,19.737793,42.525146
69,19.727832,42.634521
69,19.654492,42.628564
69,19.280664,42.172559
69,19.361426,42.069092
69,19.342383,41.869092
69,19.186426,41.948633
69,19.122266,42.060498
69,18.894238,42.249463
69,18.63291,42.378076
69,18.645898,42.442725
69,18.51748,42.43291
69,18.438086,42.522949
69,18.436328,42.559717
69,18.545898,42.641602
69,18.466016,42.777246
69,18.460156,42.9979
69,18.623633,43.027686
69,18.621875,43.124609
69,18.674219,43.230811
69,18.851074,43.346338
69,19.02666,43.292432
69,19.036719,43.357324
69,18.950684,43.52666
69,19.191602,43.521045
70,26.618945,48.259863
70,26.84707,48.387158
70,27.228516,48.371436
70,27.549219,48.477734
70,27.82002,48.41626
70,28.038477,48.321289
70,28.088477,48.257031
70,28.291016,48.238574
70,28.347168,48.213037
70,28.340527,48.144434
70,28.423047,48.146875
70,28.463086,48.090527
70,28.530469,48.150293
70,28.773828,48.11958
70,28.923145,47.951123
70,29.125391,47.964551
70,29.194824,47.882422
70,29.211133,47.775
70,29.134863,47.489697
70,29.53916,47.270996
70,29.510938,47.128027
70,29.571973,46.964014
70,29.877832,46.828906
70,29.94248,46.723779
70,29.924316,46.538867
70,30.131055,46.423096
70,30.075684,46.377832
70,29.837891,46.350537
70,29.706836,46.44873
70,29.614941,46.398828
70,29.304883,46.466602
70,29.20459,46.379346
70,29.18623,46.523975
70,28.958398,46.458496
70,28.930566,46.362256
70,29.00625,46.176465
70,28.947754,46.049951
70,28.73877,45.937158
70,28.729297,45.852002
70,28.491602,45.665771
70,28.499023,45.517725
70,28.2125,45.450439
70,28.074707,45.598975
70,28.159766,45.647119
70,28.099707,45.972607
70,28.119141,46.138672
70,28.244336,46.45127
70,28.239453,46.64082
70,28.071777,46.978418
70,27.853809,47.114502
70,27.614063,47.340527
70,27.336914,47.639746
70,27.152051,47.959277
70,26.980762,48.155029
70,26.787305,48.255811
70,26.618945,48.259863
71,7.377734,43.731738
71,7.39502,43.765332
71,7.436914,43.761475
71,7.438672,43.750439
71,7.377734,43.731738
72,14.566211,35.852734
72,14.436426,35.82168
72,14.352344,35.872266
72,14.35127,35.978418
72,14.537012,35.886279
72,14.566211,35.852734
73,14.253613,36.012158
73,14.194238,36.042236
73,14.180371,36.0604
73,14.263281,36.075781
73,14.320898,36.03623
73,14.253613,36.012158
74,21.389551,42.219824
74,21.904102,42.32207
74,22.052051,42.304639
74,22.239746,42.358154
74,22.344043,42.313965
74,22.582715,42.104834
74,22.796094,42.025684
74,22.943945,41.775098
74,23.003613,41.739844
74,22.951465,41.605615
74,22.929688,41.356104
74,22.783887,41.331982
74,22.724805,41.178516
74,22.603613,41.140186
74,21.993359,41.130957
74,21.779492,40.950439
74,21.575781,40.868945
74,21.404102,40.907178
74,21.32373,40.867139
74,20.964258,40.849902
74,20.933496,40.903125
74,20.74082,40.905273
74,20.488965,41.272607
74,20.448633,41.521289
74,20.516211,41.574756
74,20.505176,41.706494
74,20.553125,41.862354
74,20.725,41.873535
74,20.778125,42.071045
74,21.059766,42.171289
74,21.14248,42.175
74,21.286621,42.100391
74,21.389551,42.219824
75,6.089063,50.15459
75,6.138184,49.974316
75,6.256055,49.872168
75,6.487305,49.798486
75,6.484766,49.707812
75,6.37832,49.599609
75,6.344336,49.452734
75,6.181055,49.498926
75,6.011426,49.445459
75,5.789746,49.538281
75,5.880371,49.644775
75,5.725,49.808301
75,5.744043,49.919629
75,5.97627,50.167187
75,6.089063,50.15459
76,20.899805,55.28667
76,21.014063,55.401953
76,21.114844,55.616504
76,21.103906,55.487744
76,21.031738,55.350488
76,20.957813,55.278906
76,20.899805,55.28667
77,22.766211,54.356787
77,22.684473,54.562939
77,22.824707,54.871289
77,22.627441,54.970703
77,22.567285,55.059131
77,22.072363,55.063672
77,21.554688,55.195312
77,21.389258,55.275537
77,21.235742,55.264111
77,21.201074,55.343799
77,21.237891,55.455029
77,21.061914,55.813428
77,21.046094,56.070068
77,21.653516,56.314551
77,22.08457,56.406738
77,22.586914,56.375098
77,22.875586,56.396436
77,23.042969,56.324072
77,23.195898,56.367139
77,23.812695,56.329248
77,24.120703,56.264258
77,24.473633,56.284082
77,24.841016,56.411182
77,24.903027,56.398193
77,25.069922,56.200391
77,25.663184,56.104834
77,26.085547,55.896875
77,26.28125,55.750439
77,26.593555,55.667529
77,26.457617,55.34248
77,26.775684,55.273096
77,26.648438,55.204199
77,26.601172,55.130176
77,26.291797,55.1396
77,26.175195,55.003271
77,25.859277,54.919287
77,25.722461,54.717871
77,25.724805,54.564258
77,25.547363,54.331836
77,25.748145,54.259668
77,25.765234,54.179785
77,25.680566,54.140479
77,25.510352,54.159619
77,25.527344,54.215137
77,25.461133,54.292773
77,25.179492,54.214258
77,25.046094,54.133057
77,24.869531,54.145166
77,24.768164,53.974658
77,24.620703,53.979834
77,24.317969,53.892969
77,24.191309,53.950439
77,23.559082,53.919824
77,23.484668,53.939795
77,23.453613,54.143457
77,23.370117,54.200488
77,23.042188,54.304199
77,22.976758,54.366357
77,22.82373,54.395801
77,22.766211,54.356787
78,9.502344,47.062744
78,9.484277,47.172656
78,9.527539,47.270752
78,9.610547,47.107129
78,9.580273,47.057373
78,9.502344,47.062744
79,11.4735530863134,33
79,11.50459,33.181934
79,11.813477,33.093701
79,11.9993226029444,33
79,11.4735530863134,33
80,26.542871,55.672412
80,26.28125,55.750439
80,26.085547,55.896875
80,25.663184,56.104834
80,25.069922,56.200391
80,24.903027,56.398193
80,24.841016,56.411182
80,24.473633,56.284082
80,24.120703,56.264258
80,23.812695,56.329248
80,23.195898,56.367139
80,23.042969,56.324072
80,22.875586,56.396436
80,22.586914,56.375098
80,22.08457,56.406738
80,21.653516,56.314551
80,21.046094,56.070068
80,21.014941,56.258936
80,21.031445,56.636572
80,21.071289,56.82373
80,21.350781,57.017676
80,21.45918,57.322461
80,21.728711,57.570996
80,22.55459,57.724268
80,22.648633,57.595361
80,23.136816,57.323828
80,23.287305,57.089746
80,23.647754,56.971045
80,23.931152,57.008496
80,24.382617,57.250049
80,24.362988,57.645312
80,24.301563,57.784131
80,24.322559,57.870605
80,25.111035,58.063428
80,25.228711,57.996582
80,25.282617,58.048486
80,25.340039,58.039453
80,25.79375,57.868555
80,25.991113,57.838184
80,26.298047,57.601074
80,26.462109,57.544482
80,26.966016,57.609131
80,27.187109,57.53833
80,27.469727,57.524023
80,27.538672,57.429785
80,27.828613,57.293311
80,27.830273,57.194482
80,27.717383,57.054639
80,27.639453,56.845654
80,27.848633,56.853418
80,28.00752,56.599854
80,28.103125,56.545703
80,28.202051,56.2604
80,28.147949,56.14292
80,27.896289,56.076172
80,27.642285,55.911719
80,27.576758,55.798779
80,27.052539,55.830566
80,26.953027,55.812939
80,26.822461,55.709229
80,26.542871,55.672412
81,20.468848,42.85791
81,20.475098,42.953027
81,20.648535,43.070947
81,20.623145,43.198633
81,20.800586,43.261084
81,20.844434,43.173437
81,21.057031,43.091699
81,21.237109,42.913232
81,21.403027,42.831543
81,21.390625,42.751416
81,21.752148,42.651514
81,21.609863,42.387451
81,21.518945,42.328418
81,21.5625,42.24751
81,21.389551,42.219824
81,21.286621,42.100391
81,21.14248,42.175
81,21.059766,42.171289
81,20.778125,42.071045
81,20.725,41.873535
81,20.578516,41.866211
81,20.522852,42.171484
81,20.408301,42.274951
81,20.240527,42.338965
81,20.063965,42.547266
81,20.089258,42.631543
81,20.029492,42.732031
81,20.468848,42.85791
82,7.021094,45.925781
82,7.129004,45.88042
82,7.538574,45.978174
82,7.787891,45.921826
82,7.993164,46.015918
82,8.125195,46.160937
82,8.095703,46.271045
82,8.422559,46.446045
82,8.458398,46.245898
82,8.641699,46.110791
82,8.818555,46.077148
82,8.778027,45.996191
82,8.953711,45.830029
82,9.02373,45.845703
82,9.04668,45.875586
82,9.003027,46.014893
82,9.251074,46.286768
82,9.260156,46.475195
82,9.304395,46.495557
82,9.427637,46.482324
82,9.528711,46.306201
82,9.639453,46.295898
82,9.939258,46.361816
82,10.080566,46.227979
82,10.145215,46.253516
82,10.038281,46.483203
82,10.087012,46.599902
82,10.195508,46.621094
82,10.272266,46.564844
82,10.430664,46.550049
82,10.438281,46.618848
82,10.397949,46.665039
82,10.452832,46.864941
82,10.689258,46.846387
82,10.828906,46.775244
82,10.993262,46.777002
82,11.133887,46.936182
82,11.244434,46.975684
82,11.775684,46.986084
82,12.169434,47.082129
82,12.20127,47.060889
82,12.130762,46.984766
82,12.154102,46.935254
82,12.388281,46.702637
82,13.7,46.520264
82,13.679688,46.462891
82,13.399512,46.317529
82,13.378223,46.261621
82,13.420996,46.212305
82,13.63252,46.177051
82,13.486426,46.039551
82,13.487695,45.987109
82,13.600586,45.979785
82,13.583398,45.812354
82,13.72168,45.761279
82,13.874707,45.614844
82,13.719824,45.587598
82,13.783301,45.627246
82,13.62832,45.770947
82,13.465137,45.709961
82,13.206348,45.771387
82,13.030273,45.6375
82,12.432129,45.46792
82,12.536133,45.544922
82,12.491797,45.546289
82,12.274316,45.446045
82,12.225684,45.241504
82,12.286328,45.207715
82,12.39248,45.039795
82,12.523438,44.967969
82,12.463574,44.845215
82,12.384473,44.79834
82,12.278906,44.832227
82,12.24834,44.72251
82,12.30498,44.429443
82,12.396289,44.223877
82,12.691113,43.994727
82,12.907031,43.921191
82,13.295313,43.686084
82,13.56416,43.571289
82,13.804688,43.180371
82,14.010449,42.689551
82,14.182715,42.506445
82,14.540723,42.244287
82,14.866113,42.052539
82,15.16875,41.934033
82,15.964063,41.939453
82,16.164648,41.896191
82,16.18916,41.814014
82,16.15127,41.758496
82,15.91377,41.62085
82,15.900488,41.512061
82,16.012598,41.4354
82,16.551855,41.232031
82,17.103418,41.062158
82,17.474219,40.840576
82,17.95498,40.655176
82,18.328223,40.37085
82,18.460645,40.221045
82,18.48584,40.104834
82,18.393457,39.903613
82,18.34375,39.821387
82,18.07793,39.936963
82,17.865039,40.280176
82,17.395801,40.340234
82,17.257715,40.399072
82,17.17998,40.502783
82,17.03125,40.513477
82,16.928223,40.458057
82,16.669629,40.137207
82,16.52998,39.859668
82,16.521875,39.747559
82,16.597754,39.638916
82,16.824316,39.57832
82,17.114551,39.380615
82,17.122949,39.136572
82,17.174609,38.998096
82,17.098535,38.919336
82,16.951465,38.939795
82,16.755469,38.889697
82,16.616699,38.800146
82,16.558984,38.714795
82,16.545605,38.409082
82,16.282422,38.249561
82,16.056836,37.941846
82,15.724512,37.939111
82,15.645801,38.034229
82,15.643066,38.175391
82,15.700195,38.262305
82,15.822363,38.302979
82,15.904785,38.483496
82,15.878906,38.613916
82,15.926953,38.671729
82,16.196777,38.759229
82,16.209961,38.941113
82,16.107422,39.023828
82,16.023633,39.353613
82,15.692773,39.990186
82,15.585156,40.052832
82,15.294531,40.07002
82,14.950879,40.239014
82,14.929102,40.30957
82,14.986133,40.37749
82,14.947656,40.469336
82,14.839551,40.62998
82,14.765723,40.668408
82,14.339941,40.598828
82,14.460547,40.728711
82,14.308887,40.812646
82,14.044336,40.812256
82,14.047656,40.870312
82,13.859766,41.12998
82,13.733398,41.235645
82,13.246875,41.288867
82,13.088672,41.243848
82,12.849219,41.40874
82,12.630859,41.469678
82,12.075293,41.940869
82,11.807031,42.082031
82,11.637305,42.287549
82,11.296289,42.423291
82,11.141211,42.389893
82,11.103223,42.416602
82,11.184766,42.456592
82,11.167773,42.535156
82,10.937793,42.738721
82,10.803125,42.804297
82,10.708398,42.936328
82,10.514844,42.967529
82,10.520801,43.203809
82,10.447559,43.371191
82,10.320508,43.513086
82,10.245801,43.8521
82,10.188086,43.94751
82,10.047656,44.019971
82,9.730859,44.101172
82,9.289355,44.319238
82,8.76582,44.422314
82,8.551953,44.346143
82,8.00498,43.876758
82,7.493164,43.767139
82,7.482031,43.864893
82,7.677148,44.083154
82,7.637207,44.164844
82,7.318555,44.137988
82,6.900195,44.335742
82,6.842969,44.510693
82,6.960352,44.677148
82,7.030664,44.716699
82,6.992676,44.827295
82,6.738184,44.921387
82,6.634766,45.068164
82,6.627734,45.117969
82,6.692285,45.144287
82,6.842285,45.135645
82,7.07832,45.239941
82,7.153418,45.400928
82,6.80625,45.71001
82,6.78916,45.780078
82,7.021094,45.925781
194,12.43916,41.898389
194,12.430566,41.905469
194,12.427539,41.900732
194,12.43916,41.898389
195,12.485254,43.901416
195,12.503711,43.989746
195,12.441113,43.982422
195,12.396875,43.93457
195,12.426367,43.894092
195,12.485254,43.901416
83,10.42832,42.819189
83,10.419336,42.713184
83,10.335645,42.761133
83,10.13125,42.742041
83,10.109766,42.785059
83,10.358984,42.822314
83,10.395117,42.858154
83,10.42832,42.819189
84,13.893652,40.696973
84,13.853516,40.724072
84,13.871191,40.761816
84,13.962109,40.739404
84,13.893652,40.696973
85,12.05127,36.757031
85,11.940625,36.780371
85,11.948047,36.843066
85,12.024219,36.820947
85,12.05127,36.757031
86,15.634668,38.267578
86,15.234473,37.784814
86,15.099512,37.458594
86,15.116992,37.334717
86,15.230273,37.244336
86,15.174121,37.20918
86,15.295703,37.055176
86,15.294531,37.013281
86,15.11582,36.839258
86,15.112598,36.687842
86,14.775977,36.7104
86,14.501855,36.798682
86,14.367285,36.972852
86,14.259082,37.046436
86,14.142969,37.103662
86,13.905469,37.100635
86,13.800586,37.135889
86,13.169922,37.479297
86,12.924121,37.570508
86,12.640234,37.594336
86,12.526758,37.669531
86,12.435547,37.819775
86,12.547656,38.05293
86,12.734375,38.183057
86,12.902734,38.034863
86,13.049023,38.084082
86,13.056836,38.130908
86,13.159961,38.190332
86,13.291113,38.191455
86,13.788867,37.981201
86,14.05,38.040527
86,14.287695,38.016846
86,14.505957,38.045508
86,14.789648,38.166992
86,15.11875,38.152734
86,15.49873,38.290869
86,15.634668,38.267578
87,9.682031,40.818115
87,9.805273,40.499561
87,9.642969,40.268408
87,9.706738,40.017041
87,9.5625,39.166016
87,9.486328,39.139551
87,9.26416,39.216797
87,9.149316,39.196973
87,9.056348,39.23916
87,9.022656,39.043262
87,8.966602,38.963721
87,8.881348,38.912891
87,8.648535,38.926562
87,8.418164,39.205713
87,8.399121,39.481592
87,8.44707,39.562793
87,8.451172,39.72168
87,8.540527,39.731592
87,8.547754,39.839209
87,8.495898,39.897461
87,8.407813,39.917236
87,8.408594,40.037646
87,8.470801,40.130713
87,8.471289,40.292676
87,8.353223,40.500537
87,8.189941,40.651611
87,8.224219,40.91333
87,8.363281,40.846338
87,8.571875,40.850195
87,8.821191,40.949902
87,9.228418,41.25708
87,9.283008,41.20166
87,9.455176,41.150146
87,9.615332,41.017285
87,9.553711,40.932129
87,9.682031,40.818115
88,8.421484,38.968652
88,8.360938,39.038672
88,8.366797,39.115918
88,8.478906,39.067529
88,8.421484,38.968652
89,8.252734,40.994141
89,8.205664,40.997461
89,8.320215,41.121875
89,8.34375,41.101611
89,8.252734,40.994141
90,-9.952441,53.88457
90,-10.0625,53.959717
90,-10.265723,53.977686
90,-10.181055,54.016846
90,-9.996387,54.003613
90,-9.956152,53.987207
90,-9.952441,53.88457
91,-7.376904,55.027686
91,-7.550391,54.767969
91,-7.910596,54.69834
91,-7.754395,54.594922
91,-8.144824,54.453516
91,-7.884473,54.283789
91,-7.854932,54.215283
91,-7.606543,54.143848
91,-7.324512,54.133447
91,-7.155469,54.239502
91,-7.202588,54.301807
91,-7.007715,54.406689
91,-6.877246,54.329102
91,-6.802588,54.214355
91,-6.646875,54.163428
91,-6.649805,54.058643
91,-6.303662,54.094873
91,-6.175732,54.053516
91,-6.156934,54.017236
91,-6.307617,54.011035
91,-6.347607,53.941309
91,-6.141846,53.577539
91,-6.15166,53.366406
91,-6.04502,53.091162
91,-6.027393,52.9271
91,-6.169336,52.738135
91,-6.217236,52.543115
91,-6.34541,52.402002
91,-6.463184,52.345361
91,-6.325,52.24668
91,-6.561084,52.188818
91,-6.782227,52.210498
91,-6.890234,52.159229
91,-6.965771,52.249512
91,-7.003271,52.165918
91,-7.527295,52.098877
91,-7.624902,51.993115
91,-7.872168,51.935303
91,-8.057812,51.825586
91,-8.14502,51.813525
91,-8.290234,51.890674
91,-8.40918,51.88877
91,-8.335596,51.792969
91,-8.349121,51.739307
91,-8.407812,51.712061
91,-8.734473,51.636182
91,-8.813428,51.584912
91,-9.296484,51.498242
91,-9.462891,51.529053
91,-9.835352,51.48335
91,-9.710352,51.603711
91,-9.524902,51.681104
91,-9.579834,51.689258
91,-10.120752,51.600684
91,-9.749512,51.824268
91,-9.598828,51.874414
91,-10.084229,51.770996
91,-10.341064,51.798926
91,-10.378711,51.86875
91,-9.909668,52.122949
91,-10.390234,52.134912
91,-10.356689,52.206934
91,-10.13208,52.28208
91,-9.937305,52.237646
91,-9.772119,52.250098
91,-9.906055,52.403711
91,-9.632227,52.546924
91,-8.783447,52.679639
91,-8.990283,52.75542
91,-9.175391,52.634912
91,-9.394238,52.61709
91,-9.561035,52.653955
91,-9.764355,52.57998
91,-9.916602,52.569727
91,-9.464893,52.823193
91,-9.393652,52.89624
91,-9.461963,52.947266
91,-9.299219,53.097559
91,-8.930127,53.20708
91,-9.140332,53.250488
91,-9.514209,53.238232
91,-9.625977,53.334473
91,-9.875781,53.342725
91,-9.79541,53.394971
91,-10.09126,53.412842
91,-10.054395,53.47832
91,-10.116992,53.548535
91,-9.720654,53.604492
91,-9.909717,53.657617
91,-9.901611,53.727197
91,-9.578223,53.80542
91,-9.578857,53.879834
91,-9.914062,53.863721
91,-9.856445,54.095361
91,-9.934473,54.075244
91,-9.9771,54.187109
91,-10.092676,54.155762
91,-10.056396,54.257812
91,-9.562305,54.308545
91,-9.315527,54.298633
91,-9.145898,54.209619
91,-9.002441,54.287988
91,-8.545557,54.241211
91,-8.623145,54.346875
91,-8.470996,54.441943
91,-8.230371,54.507275
91,-8.133447,54.64082
91,-8.456543,54.609277
91,-8.763916,54.681201
91,-8.377295,54.889453
91,-8.411719,54.965088
91,-8.393262,55.02041
91,-8.274609,55.146289
91,-8.006104,55.195312
91,-7.750537,55.185791
91,-7.762549,55.24834
91,-7.66709,55.256494
91,-7.556641,55.122217
91,-7.634277,55.05498
91,-7.589844,55.025049
91,-7.65874,54.970947
91,-7.478418,55.046973
91,-7.517871,55.247949
91,-7.301758,55.298779
91,-7.365967,55.360205
91,-7.24668,55.353027
91,-6.96167,55.237891
91,-7.376904,55.027686
92,22.227148,48.413428
92,22.350195,48.256055
92,22.520117,48.205371
92,22.582422,48.134033
92,22.769141,48.109619
92,22.857227,48.029541
92,22.87666,47.947266
92,22.608398,47.766309
92,22.290625,47.727832
92,22.037988,47.536621
92,21.999707,47.505029
92,21.995313,47.395703
92,21.869336,47.30459
92,21.785449,47.138135
92,21.661426,47.043896
92,21.652637,46.96377
92,21.494434,46.789746
92,21.49707,46.704297
92,21.294531,46.572461
92,21.252246,46.486377
92,21.264551,46.412305
92,21.191797,46.391553
92,21.151953,46.304346
92,21.039844,46.242236
92,20.760254,46.24624
92,20.707422,46.172803
92,20.613672,46.133496
92,20.508105,46.166943
92,20.241797,46.108594
92,20.161426,46.141895
92,19.613477,46.169189
92,19.278125,46.002881
92,19.087305,46.016162
92,18.927832,45.931396
92,18.666016,45.907471
92,18.564648,45.813281
92,18.437305,45.767334
92,17.807129,45.79043
92,17.607031,45.91377
92,17.310645,45.996143
92,17.242188,46.076611
92,16.939941,46.253662
92,16.871484,46.339307
92,16.516211,46.499902
92,16.38125,46.638672
92,16.283594,46.857275
92,16.093066,46.863281
92,16.252539,46.971924
92,16.453418,47.006787
92,16.492676,47.122656
92,16.438379,47.145898
92,16.416895,47.223437
92,16.462598,47.273145
92,16.442871,47.399512
92,16.623047,47.447559
92,16.676563,47.536035
92,16.639746,47.608887
92,16.421289,47.674463
92,16.590918,47.750537
92,16.785938,47.678662
92,17.066602,47.707568
92,17.030078,47.837109
92,17.147363,48.005957
92,17.317285,47.990918
92,17.761914,47.770166
92,18.724219,47.787158
92,18.778027,47.852881
92,18.750098,47.939453
92,18.791895,48.000293
92,18.91416,48.05083
92,19.466992,48.110693
92,19.564258,48.212842
92,19.625391,48.223096
92,19.898633,48.131348
92,19.950391,48.146631
92,20.333789,48.295557
92,20.490039,48.526904
92,20.866602,48.545654
92,21.067285,48.505908
92,21.451367,48.552246
92,21.766992,48.338086
92,22.227148,48.413428
93,27.838281,36.537988
93,27.785742,36.60752
93,27.8625,36.641162
93,27.869043,36.582666
93,27.838281,36.537988
94,20.624707,38.267871
94,20.695215,38.246191
94,20.788867,38.14209
94,20.761328,38.070557
94,20.606152,38.119727
94,20.523535,38.106641
94,20.452148,38.23418
94,20.352539,38.179883
94,20.408691,38.336768
94,20.519629,38.332324
94,20.563184,38.474951
94,20.624707,38.267871
95,20.993945,37.708008
95,20.909082,37.732129
95,20.818555,37.664746
95,20.619531,37.855029
95,20.691504,37.929541
95,20.993945,37.708008
96,20.714844,38.63833
96,20.554688,38.582568
96,20.55791,38.661865
96,20.634668,38.817578
96,20.694141,38.844238
96,20.714844,38.63833
97,20.709277,38.318604
97,20.646387,38.414307
97,20.623633,38.480322
97,20.70127,38.451416
97,20.758691,38.329443
97,20.709277,38.318604
98,20.099609,39.376611
98,19.883984,39.461523
98,19.646484,39.76709
98,19.838574,39.820117
98,19.926074,39.77373
98,19.84668,39.668115
98,19.904102,39.619482
98,19.955273,39.47041
98,20.07793,39.432715
98,20.099609,39.376611
99,23.471973,38.850098
99,23.878223,38.686572
99,24.099023,38.670996
99,24.199707,38.541016
99,24.1875,38.463428
99,24.275781,38.22002
99,24.359668,38.1625
99,24.563281,38.14751
99,24.578516,38.020166
99,24.502344,37.969922
99,24.359473,38.018555
99,24.212012,38.117529
99,24.189063,38.204297
99,24.040137,38.38999
99,23.758789,38.401221
99,23.650781,38.443066
99,23.617383,38.552539
99,23.252148,38.801221
99,23.029102,38.873389
99,22.935742,38.839648
99,22.870313,38.870508
99,23.145801,39.002686
99,23.312695,39.034912
99,23.41543,38.958643
99,23.471973,38.850098
100,23.735156,39.080566
100,23.666113,39.095361
100,23.593945,39.208594
100,23.779785,39.114404
100,23.735156,39.080566
101,23.841211,39.146582
101,23.888086,39.226367
101,23.970898,39.267725
101,23.939746,39.200537
101,23.841211,39.146582
102,24.674707,38.809229
102,24.541016,38.788672
102,24.566406,38.832373
102,24.461035,38.888623
102,24.485645,38.980273
102,24.674707,38.809229
103,24.645898,40.579443
103,24.515527,40.647021
103,24.516699,40.687207
103,24.62334,40.79292
103,24.719141,40.786279
103,24.786328,40.703857
103,24.774219,40.615186
103,24.645898,40.579443
104,23.550977,37.925879
104,23.435254,37.911475
104,23.419336,37.93125
104,23.515527,37.986035
104,23.550977,37.925879
105,23.042188,36.146387
105,22.91084,36.220996
105,22.905664,36.320312
105,22.950488,36.383936
105,23.09707,36.246582
105,23.042188,36.146387
106,27.137891,35.409082
106,27.070703,35.597754
106,27.158008,35.788672
106,27.223145,35.820459
106,27.157227,35.629492
106,27.233594,35.478564
106,27.137891,35.409082
107,26.919922,36.945215
107,26.937695,37.024609
107,26.888672,37.087256
107,27.040137,37.001562
107,27.019727,36.959033
107,26.919922,36.945215
108,26.918359,36.725928
108,27.061133,36.840381
108,27.214941,36.898633
108,27.352148,36.868896
108,26.918359,36.725928
109,25.456738,36.929688
109,25.361914,37.07041
109,25.525293,37.196387
109,25.564355,37.185107
109,25.584277,37.039307
109,25.545898,36.967578
109,25.456738,36.929688
110,25.199414,36.991309
110,25.105469,37.034961
110,25.146484,37.107422
110,25.275293,37.137842
110,25.278906,37.068408
110,25.199414,36.991309
111,25.435938,36.340088
111,25.370508,36.358936
111,25.412891,36.404883
111,25.408984,36.47373
111,25.482422,36.392627
111,25.435938,36.340088
112,25.364355,36.65835
112,25.259961,36.758447
112,25.295898,36.78916
112,25.406934,36.717334
112,25.364355,36.65835
113,26.743359,37.809766
113,27.039648,37.77002
113,27.055078,37.709277
113,26.844922,37.644727
113,26.581055,37.72373
113,26.743359,37.809766
114,25.982422,37.525586
114,26.086328,37.634912
114,26.351367,37.674316
114,26.204883,37.568506
114,25.982422,37.525586
115,25.859375,36.79043
115,25.743164,36.789746
115,26.000684,36.937402
115,26.064453,36.902734
115,25.859375,36.79043
116,26.460645,36.5854
116,26.331445,36.511377
116,26.27002,36.546924
116,26.269824,36.59541
116,26.337012,36.580566
116,26.38418,36.607861
116,26.37002,36.638574
116,26.460645,36.5854
117,24.288965,37.528271
117,24.277441,37.601123
117,24.32041,37.677734
117,24.379102,37.682715
117,24.400781,37.649023
117,24.288965,37.528271
118,24.378906,37.314111
118,24.369727,37.419629
118,24.43125,37.475195
118,24.481445,37.408008
118,24.378906,37.314111
119,24.535742,36.76377
119,24.530664,36.683984
119,24.325977,36.655615
119,24.357422,36.744287
119,24.425195,36.712939
119,24.535742,36.76377
120,24.937891,37.389697
120,24.896191,37.406592
120,24.906543,37.508887
120,24.942871,37.493506
120,24.937891,37.389697
121,24.962207,37.692383
121,24.714355,37.898877
121,24.700195,37.96167
121,24.79043,37.990137
121,24.855078,37.913672
121,24.956348,37.904785
121,24.991699,37.759619
121,24.962207,37.692383
122,25.21875,37.535107
122,25.156348,37.545068
122,24.996484,37.676904
122,25.225391,37.630664
122,25.255859,37.599609
122,25.21875,37.535107
123,24.702637,36.91709
123,24.670996,36.998584
123,24.716113,37.023828
123,24.763184,36.949219
123,24.702637,36.91709
124,25.998535,38.161523
124,25.874316,38.269629
124,25.991406,38.353516
124,25.85127,38.508398
124,25.846094,38.574023
124,26.0125,38.601709
124,26.160352,38.540723
124,26.157031,38.30293
124,25.998535,38.161523
125,26.392773,39.270117
125,26.578223,39.109521
125,26.583984,39.031445
125,26.488672,39.074805
125,26.547168,38.994141
125,26.390137,38.973926
125,26.16084,39.025879
125,26.10791,39.081055
125,26.273145,39.197559
125,26.175977,39.194287
125,26.072363,39.095605
125,25.90625,39.138965
125,25.844141,39.200049
125,25.90957,39.287549
125,26.088379,39.304297
125,26.164844,39.331982
125,26.16543,39.373535
125,26.347754,39.383008
125,26.410156,39.329443
125,26.392773,39.270117
126,25.572656,40.400439
126,25.448047,40.482812
126,25.568555,40.515869
126,25.685742,40.426562
126,25.572656,40.400439
127,25.449121,40.034814
127,25.357031,39.808105
127,25.263379,39.822949
127,25.249414,39.894141
127,25.185156,39.829932
127,25.062207,39.852393
127,25.058008,39.999658
127,25.23418,40.00542
127,25.285742,39.956299
127,25.449121,40.034814
128,25.307129,37.412988
128,25.348145,37.50918
128,25.462988,37.471094
128,25.402734,37.419141
128,25.307129,37.412988
129,24.486523,37.110059
129,24.424805,37.131982
129,24.483789,37.210205
129,24.535938,37.167676
129,24.486523,37.110059
130,27.770605,35.908301
130,27.715527,35.957324
130,27.757324,36.069189
130,27.716309,36.171582
130,27.914453,36.345312
130,28.231836,36.433643
130,28.144043,36.209863
130,28.067676,36.129687
130,28.087793,36.065332
130,27.965527,36.04751
130,27.770605,35.908301
131,23.920605,35.528174
131,24.166016,35.595215
131,24.197754,35.537451
131,24.108984,35.495801
131,24.255371,35.468604
131,24.274902,35.385986
131,24.354004,35.359473
131,24.721289,35.424805
131,25.003125,35.409863
131,25.104297,35.346924
131,25.475684,35.306201
131,25.730176,35.348584
131,25.74502,35.142725
131,25.791309,35.122852
131,26.028027,35.215283
131,26.167871,35.215088
131,26.320215,35.315137
131,26.244336,35.044678
131,26.165625,35.018604
131,25.829688,35.025195
131,24.799805,34.934473
131,24.745215,34.950635
131,24.708887,35.089062
131,23.883594,35.246094
131,23.638086,35.235156
131,23.561621,35.295166
131,23.569824,35.534766
131,23.608691,35.56626
131,23.672656,35.513916
131,23.736914,35.655518
131,23.793359,35.556201
131,23.920605,35.528174
132,26.410547,41.696338
132,26.581348,41.60127
132,26.624902,41.401758
132,26.602344,41.35415
132,26.330664,41.23877
132,26.354102,40.99707
132,26.10918,40.749658
132,26.038965,40.726758
132,25.855664,40.844092
132,25.250098,40.932812
132,25.104492,40.994727
132,24.792969,40.85752
132,24.477051,40.947754
132,24.082324,40.724072
132,23.762793,40.747803
132,23.743262,40.677002
132,23.878906,40.544385
132,23.831934,40.481543
132,23.866797,40.418555
132,24.030566,40.409326
132,24.212793,40.327783
132,24.343359,40.147705
132,24.158789,40.280029
132,23.913184,40.358789
132,23.72793,40.329736
132,23.720508,40.286279
132,23.96748,40.114551
132,24.000781,40.024609
132,23.94707,39.965576
132,23.835352,40.022266
132,23.664551,40.223828
132,23.42627,40.263965
132,23.386426,40.221973
132,23.433203,40.11543
132,23.674121,39.958887
132,23.627344,39.924072
132,23.395605,39.989844
132,23.328223,40.089941
132,23.312012,40.216455
132,22.896484,40.399902
132,22.851367,40.490625
132,22.922266,40.590869
132,22.629492,40.495557
132,22.642676,40.366602
132,22.569336,40.119336
132,22.592188,40.036914
132,22.835742,39.800586
132,22.978809,39.563818
132,23.233398,39.358447
132,23.327734,39.174902
132,23.154688,39.101465
132,23.119434,39.132764
132,23.161719,39.257764
132,22.992871,39.331055
132,22.921387,39.306348
132,22.838965,39.258594
132,22.886035,39.169971
132,22.965527,39.030908
132,23.066699,39.037939
132,22.802637,38.901611
132,22.569141,38.86748
132,23.020313,38.741895
132,23.137695,38.667969
132,23.25293,38.66123
132,23.368945,38.525537
132,23.569629,38.489404
132,23.683984,38.352441
132,23.966992,38.275
132,24.024512,38.139795
132,24.055371,37.709619
132,23.971582,37.676758
132,23.580469,38.010547
132,23.501758,38.034863
132,23.193652,37.959033
132,23.036328,37.878369
132,23.147168,37.795312
132,23.197559,37.620215
132,23.396191,37.579785
132,23.489258,37.440186
132,23.161523,37.333838
132,23.1,37.36377
132,23.096484,37.440576
132,23.015137,37.481787
132,22.775,37.585107
132,22.725391,37.542139
132,22.765039,37.393311
132,22.851074,37.29082
132,23.060352,36.853516
132,23.041016,36.644531
132,23.160156,36.448096
132,22.98291,36.528369
132,22.779883,36.786182
132,22.717188,36.793945
132,22.608398,36.779736
132,22.489063,36.568164
132,22.489453,36.446924
132,22.427734,36.475781
132,22.374805,36.513574
132,22.375977,36.701904
132,22.080469,37.028955
132,21.955566,36.990088
132,21.892383,36.737305
132,21.738086,36.863232
132,21.58291,37.080957
132,21.578809,37.200391
132,21.69248,37.309277
132,21.678906,37.387207
132,21.571289,37.541016
132,21.329297,37.669336
132,21.288477,37.774512
132,21.124707,37.891602
132,21.308105,38.027441
132,21.403711,38.19668
132,21.658398,38.175098
132,21.824707,38.328125
132,21.95332,38.321191
132,22.920313,37.958301
132,22.893164,38.050928
132,23.12207,38.07334
132,23.183496,38.133691
132,23.093555,38.196436
132,22.834375,38.234717
132,22.42168,38.438525
132,22.319922,38.356836
132,21.965332,38.412451
132,21.472559,38.321387
132,21.331055,38.487305
132,21.30332,38.373926
132,21.182617,38.345557
132,21.113184,38.384668
132,20.992188,38.654004
132,20.873242,38.775732
132,20.776855,38.80752
132,20.768555,38.874414
132,20.777344,38.927881
132,20.893164,38.941113
132,21.111621,38.896289
132,21.152344,38.92207
132,21.118359,39.02998
132,20.779688,39.008545
132,20.468262,39.255273
132,20.300781,39.3271
132,20.191406,39.545801
132,20.00127,39.709424
132,20.131055,39.661621
132,20.248242,39.678369
132,20.306152,39.79668
132,20.382422,39.802637
132,20.311133,39.979443
132,20.408008,40.049463
132,20.657422,40.117383
132,20.806055,40.445459
132,20.950195,40.494385
132,21.030859,40.622461
132,20.955762,40.775293
132,20.964258,40.849902
132,21.32373,40.867139
132,21.404102,40.907178
132,21.575781,40.868945
132,21.779492,40.950439
132,21.993359,41.130957
132,22.184473,41.158643
132,22.493555,41.118506
132,22.724805,41.178516
132,22.783887,41.331982
132,23.155957,41.32207
132,23.239844,41.384961
132,23.635156,41.386768
132,24.011328,41.460059
132,24.056055,41.527246
132,24.518262,41.552539
132,24.595996,41.442725
132,24.77373,41.356104
132,24.846875,41.394238
132,24.993555,41.36499
132,25.251172,41.243555
132,25.784961,41.33042
132,25.92334,41.311914
132,26.135352,41.385742
132,26.143555,41.521533
132,26.066016,41.673242
132,26.107422,41.725684
132,26.200586,41.743799
132,26.410547,41.696338
133,9.524023,47.524219
133,9.182813,47.670703
133,8.881152,47.656396
133,8.831152,47.703613
133,8.72832,47.700049
133,8.572656,47.775635
133,8.403418,47.687793
133,8.570508,47.637793
133,8.430078,47.592139
133,8.198242,47.606934
133,7.927051,47.563867
133,7.56543,47.606543
133,7.538574,47.773633
133,7.593262,47.905664
133,7.616602,48.156787
133,7.705664,48.280029
133,7.837988,48.636035
133,8.140332,48.886426
133,8.134863,48.973584
133,7.610938,49.061768
133,7.450586,49.152197
133,7.036719,49.112695
133,7.001465,49.179883
133,6.891211,49.20752
133,6.735449,49.160596
133,6.534277,49.394678
133,6.344336,49.452734
133,6.37832,49.599609
133,6.484766,49.707812
133,6.487305,49.798486
133,6.256055,49.872168
133,6.109766,50.034375
133,6.175098,50.232666
133,6.364453,50.316162
133,6.340918,50.451758
133,6.178711,50.52251
133,6.235938,50.59668
133,5.993945,50.750439
133,6.048438,50.904883
133,5.85752,51.030127
133,6.12998,51.147412
133,6.075879,51.224121
133,6.198828,51.45
133,5.94873,51.802686
133,6.166504,51.880762
133,6.355664,51.824658
133,6.741797,51.910889
133,6.802441,51.980176
133,6.715625,52.036182
133,6.724512,52.080225
133,6.977246,52.205518
133,7.019629,52.266016
133,7.035156,52.380225
133,7.001855,52.418994
133,6.748828,52.464014
133,6.691602,52.530176
133,6.710742,52.617871
133,6.748438,52.634082
133,7.013184,52.633545
133,7.179492,52.966211
133,7.197266,53.282275
133,7.05332,53.37583
133,7.107129,53.556982
133,7.285254,53.681348
133,8.009277,53.690723
133,8.16709,53.543408
133,8.108496,53.467676
133,8.245215,53.445312
133,8.333887,53.606201
133,8.492676,53.514355
133,8.495215,53.394238
133,8.538477,53.556885
133,8.50625,53.670752
133,8.528418,53.781104
133,8.618945,53.875
133,8.897754,53.835693
133,9.205566,53.855957
133,9.321973,53.813477
133,9.585352,53.600488
133,9.783984,53.554639
133,9.63125,53.600195
133,9.312012,53.859131
133,8.978125,53.926221
133,8.903516,54.000293
133,8.906641,54.260791
133,8.780371,54.313037
133,8.644922,54.294971
133,8.648047,54.397656
133,8.951855,54.467578
133,8.957227,54.53833
133,8.682324,54.791846
133,8.670313,54.903418
133,8.90293,54.896924
133,9.25498,54.808008
133,9.61582,54.85542
133,9.892285,54.780615
133,10.022168,54.673926
133,10.028809,54.581299
133,9.868652,54.472461
133,10.143457,54.488428
133,10.212402,54.408936
133,10.360449,54.43833
133,10.731543,54.31626
133,11.013379,54.37915
133,11.064355,54.280518
133,11.008594,54.181152
133,10.810742,54.075146
133,10.85459,54.009814
133,10.917773,53.995312
133,11.104297,54.00918
133,11.399609,53.944629
133,11.796289,54.145459
133,12.111328,54.168311
133,12.575391,54.467383
133,13.028613,54.411035
133,13.147461,54.282715
133,13.448047,54.140869
133,13.724219,54.153223
133,13.822266,54.019043
133,13.865527,53.853369
133,14.025,53.767432
133,14.258887,53.729639
133,14.414551,53.283496
133,14.410938,53.199023
133,14.368555,53.105566
133,14.138867,52.932861
133,14.128613,52.878223
133,14.514063,52.645605
133,14.619434,52.528516
133,14.55459,52.359668
133,14.679883,52.25
133,14.70459,52.110205
133,14.752539,52.081836
133,14.674902,51.904834
133,14.60166,51.832373
133,14.724902,51.661719
133,14.724707,51.523877
133,14.935547,51.435352
133,15.016602,51.252734
133,14.963867,51.095117
133,14.766504,50.818311
133,14.613574,50.855566
133,14.623828,50.914746
133,14.545703,50.993945
133,14.319727,51.037793
133,14.255859,51.001855
133,14.369043,50.89873
133,13.556738,50.704639
133,13.436133,50.601074
133,13.374609,50.621729
133,13.237695,50.576758
133,13.181152,50.510498
133,13.016406,50.490381
133,12.942676,50.406445
133,12.76543,50.430957
133,12.549023,50.393408
133,12.277344,50.181445
133,12.134863,50.310937
133,12.089746,50.268555
133,12.207813,50.09751
133,12.512012,49.895801
133,12.390527,49.739648
133,12.632031,49.46123
133,12.813379,49.329346
133,12.916699,49.330469
133,13.140527,49.15835
133,13.28877,49.097461
133,13.401172,48.977588
133,13.547656,48.959668
133,13.769922,48.815967
133,13.814746,48.766943
133,13.785352,48.587451
133,13.675195,48.523047
133,13.486621,48.581836
133,13.374609,48.361377
133,12.897461,48.203711
133,12.760352,48.106982
133,12.953516,47.890625
133,12.954199,47.807764
133,12.897656,47.721875
133,13.033594,47.69873
133,13.054102,47.655127
133,13.014355,47.478076
133,12.809375,47.542187
133,12.771387,47.639404
133,12.68584,47.669336
133,12.48291,47.637305
133,12.209277,47.718262
133,12.185645,47.619531
133,11.716797,47.583496
133,11.297949,47.424902
133,11.041992,47.393115
133,10.980859,47.398145
133,10.873047,47.520215
133,10.439453,47.551562
133,10.369141,47.366064
133,10.183008,47.278809
133,10.200293,47.363428
133,10.066309,47.393359
133,10.059863,47.449072
133,9.971582,47.505322
133,9.748926,47.575537
133,9.650586,47.525879
133,9.524023,47.524219
134,13.73418,54.31543
134,13.707324,54.281152
134,13.594922,54.338184
134,13.482031,54.337402
134,13.414551,54.249561
134,13.364355,54.24585
134,13.162109,54.364551
134,13.17666,54.544238
134,13.239941,54.638428
134,13.336816,54.697119
134,13.422754,54.699316
134,13.491211,54.615381
134,13.657617,54.55957
134,13.670703,54.535449
134,13.580469,54.463965
134,13.70918,54.382715
134,13.73418,54.31543
135,14.211426,53.950342
135,14.213672,53.870752
135,13.925781,53.879053
135,13.92168,53.996631
135,13.827148,54.05957
135,13.827734,54.127246
135,14.211426,53.950342
136,11.129297,54.416016
136,11.011719,54.466162
136,11.043457,54.515479
136,11.233594,54.50127
136,11.282813,54.417969
136,11.129297,54.416016
137,8.284668,54.76709
137,8.295703,54.908301
137,8.405176,55.05874
137,8.451465,55.055371
137,8.39043,54.986279
137,8.379883,54.899854
137,8.62959,54.891748
137,8.347363,54.847607
137,8.284668,54.76709
138,8.587891,54.712695
138,8.453809,54.691064
138,8.400391,54.714111
138,8.468164,54.757422
138,8.573438,54.74873
138,8.587891,54.712695
139,9.454199,42.658594
139,9.526172,42.552637
139,9.550684,42.129736
139,9.400879,41.926221
139,9.374219,41.678809
139,9.186133,41.384912
139,8.80752,41.588379
139,8.886816,41.700684
139,8.717969,41.761426
139,8.758691,41.87041
139,8.74043,41.925146
139,8.621875,41.930713
139,8.700977,42.095605
139,8.587793,42.16084
139,8.566211,42.218799
139,8.675488,42.284033
139,8.565625,42.357715
139,8.713086,42.549756
139,8.814844,42.60791
139,9.043652,42.66167
139,9.137891,42.73291
139,9.313379,42.713184
139,9.363184,43.017383
139,9.463281,42.981006
139,9.454199,42.658594
140,7.494922,47.547363
140,7.42002,47.455176
140,7.343164,47.433105
140,7.203125,47.432715
140,7.136035,47.489844
140,7.053418,47.489355
140,6.900391,47.394238
140,7.000586,47.32251
140,6.666895,47.026514
140,6.45625,46.94834
140,6.410156,46.75542
140,6.160742,46.611035
140,6.067969,46.458545
140,6.123242,46.378613
140,6.095898,46.279395
140,5.97002,46.214697
140,5.971484,46.151221
140,6.006641,46.142334
140,6.199414,46.193066
140,6.272949,46.252246
140,6.234668,46.332617
140,6.428906,46.430518
140,6.776074,46.406641
140,6.816797,46.275195
140,6.77207,46.165137
140,7.021094,45.925781
140,6.804492,45.814551
140,6.790918,45.740869
140,7.153418,45.400928
140,7.07832,45.239941
140,6.842285,45.135645
140,6.692285,45.144287
140,6.627734,45.117969
140,6.634766,45.068164
140,6.738184,44.921387
140,6.992676,44.827295
140,7.030664,44.716699
140,6.960352,44.677148
140,6.842969,44.510693
140,6.900195,44.335742
140,7.318555,44.137988
140,7.637207,44.164844
140,7.677148,44.083154
140,7.482031,43.864893
140,7.493164,43.767139
140,7.39502,43.765332
140,7.181445,43.659131
140,6.716602,43.373584
140,6.657227,43.26167
140,6.570215,43.199072
140,6.115918,43.072363
140,5.809473,43.0979
140,5.671582,43.177832
140,5.406543,43.228516
140,5.320215,43.344922
140,5.073145,43.366602
140,5.059766,43.444531
140,4.712109,43.373291
140,4.224219,43.479639
140,4.052637,43.593066
140,3.91084,43.563086
140,3.784766,43.461621
140,3.258887,43.193213
140,3.051758,42.915137
140,3.090918,42.590869
140,3.211426,42.431152
140,2.891406,42.456055
140,2.701855,42.408496
140,2.65166,42.340479
140,2.200391,42.420947
140,2.032715,42.353516
140,1.706055,42.50332
140,1.740234,42.556738
140,1.709863,42.604443
140,1.501367,42.642725
140,1.42832,42.595898
140,1.349414,42.690674
140,0.764453,42.838037
140,0.669824,42.835742
140,0.631641,42.6896
140,0.201367,42.719336
140,-0.041162,42.689111
140,-0.299316,42.825342
140,-0.586426,42.798975
140,-0.762646,42.939795
140,-1.175439,43.021143
140,-1.285449,43.059619
140,-1.300049,43.100977
140,-1.370508,43.037598
140,-1.46084,43.051758
140,-1.410693,43.240088
140,-1.712842,43.307031
140,-1.794043,43.407324
140,-1.631445,43.438037
140,-1.484863,43.56377
140,-1.345996,44.020215
140,-1.245508,44.559863
140,-1.170801,44.661816
140,-1.076953,44.689844
140,-1.152881,44.764014
140,-1.245215,44.666699
140,-1.189062,45.161475
140,-1.081006,45.532422
140,-0.826318,45.380664
140,-0.76665,45.314355
140,-0.691113,45.093457
140,-0.548486,45.000586
140,-0.641113,45.090186
140,-0.790771,45.468018
140,-1.195996,45.714453
140,-1.209961,45.770898
140,-1.031738,45.741064
140,-1.104395,45.925342
140,-1.146289,46.311377
140,-1.39248,46.350098
140,-1.786523,46.514844
140,-2.059375,46.810303
140,-2.090283,46.920508
140,-2.018896,47.037646
140,-2.19707,47.162939
140,-2.108301,47.262939
140,-2.027588,47.273584
140,-1.742529,47.215967
140,-1.975391,47.310693
140,-2.353027,47.27876
140,-2.503125,47.312061
140,-2.530029,47.381592
140,-2.427686,47.470898
140,-2.554053,47.527051
140,-2.770312,47.513867
140,-2.796777,47.537256
140,-2.733105,47.601807
140,-2.787207,47.625537
140,-2.964062,47.601074
140,-3.064209,47.621338
140,-3.158838,47.694678
140,-3.443945,47.711035
140,-3.900928,47.837549
140,-4.312109,47.8229
140,-4.427979,47.968945
140,-4.678809,48.039502
140,-4.629199,48.085791
140,-4.377832,48.128809
140,-4.329443,48.169971
140,-4.512207,48.229736
140,-4.577148,48.290039
140,-4.241406,48.303662
140,-4.393164,48.367627
140,-4.719385,48.363135
140,-4.7625,48.450244
140,-4.720752,48.539893
140,-4.531201,48.619971
140,-4.058887,48.70752
140,-3.714795,48.710498
140,-3.471484,48.812939
140,-3.231445,48.84082
140,-3.003223,48.790674
140,-2.692334,48.536816
140,-2.446191,48.648291
140,-2.079443,48.64502
140,-2.003711,48.58208
140,-1.905713,48.697119
140,-1.824707,48.630518
140,-1.376465,48.652588
140,-1.480469,48.697607
140,-1.565479,48.805518
140,-1.583105,49.202393
140,-1.813428,49.490137
140,-1.870068,49.595117
140,-1.856445,49.683789
140,-1.588232,49.667676
140,-1.365723,49.707275
140,-1.258643,49.680176
140,-1.232275,49.494873
140,-1.138525,49.387891
140,-0.163477,49.296777
140,0.136133,49.401514
140,0.416895,49.448389
140,0.439258,49.473193
140,0.277637,49.463281
140,0.129395,49.508447
140,0.109375,49.55752
140,0.186719,49.703027
140,0.616211,49.862939
140,1.245508,49.998242
140,1.592773,50.252197
140,1.551563,50.293945
140,1.579492,50.739258
140,1.672266,50.88501
140,1.9125,50.990625
140,2.524902,51.097119
140,2.601465,50.955273
140,2.596777,50.875928
140,2.759375,50.750635
140,2.839746,50.711768
140,3.106836,50.779443
140,3.234961,50.662939
140,3.27334,50.531543
140,3.59541,50.477344
140,3.689355,50.306055
140,3.748047,50.343506
140,3.949707,50.335938
140,4.174609,50.246484
140,4.135254,50.143799
140,4.192188,50.094141
140,4.136816,50
140,4.176074,49.960254
140,4.54502,49.960254
140,4.656152,50.002441
140,4.706641,50.09707
140,4.818652,50.153174
140,4.860547,50.135889
140,4.790039,49.95957
140,4.841504,49.914502
140,4.867578,49.788135
140,5.006934,49.778369
140,5.278809,49.67793
140,5.507324,49.510889
140,5.789746,49.538281
140,6.011426,49.445459
140,6.242188,49.494336
140,6.534277,49.394678
140,6.735449,49.160596
140,6.891211,49.20752
140,7.001465,49.179883
140,7.036719,49.112695
140,7.450586,49.152197
140,7.610938,49.061768
140,8.134863,48.973584
140,8.140332,48.886426
140,7.837988,48.636035
140,7.705664,48.280029
140,7.616602,48.156787
140,7.529395,47.673877
140,7.615625,47.592725
140,7.494922,47.547363
141,-1.213574,45.816602
141,-1.368701,45.967676
141,-1.388672,46.050391
141,-1.17832,45.904053
141,-1.213574,45.816602
142,19.888281,60.405811
142,20.087402,60.353418
142,20.258887,60.261279
142,20.194727,60.193555
142,20.042578,60.180664
142,20.033984,60.093555
142,19.745996,60.098975
142,19.672266,60.233008
142,19.686914,60.267627
142,19.779004,60.285547
142,19.785254,60.213379
142,19.847656,60.220557
142,19.871582,60.301611
142,19.787793,60.354053
142,19.823047,60.390186
142,19.888281,60.405811
143,19.66748,60.164746
143,19.579883,60.135059
143,19.519043,60.18457
143,19.551367,60.243848
143,19.628809,60.246094
143,19.66748,60.164746
144,20.603418,60.016943
144,20.521777,60.01167
144,20.397949,60.040674
144,20.569141,60.069629
144,20.603418,60.016943
145,31,62.3641339057722
145,30.565625,62.127588
145,29.25166,61.287793
145,28.407422,60.896924
145,27.797656,60.536133
145,27.462402,60.464844
145,27.205273,60.543457
145,26.534668,60.412891
145,26.519727,60.471582
145,26.606445,60.62793
145,26.569336,60.624561
145,26.456445,60.466797
145,26.377734,60.424072
145,26.204688,60.406592
145,25.955957,60.474219
145,26.03584,60.341504
145,25.945898,60.346777
145,25.758008,60.267529
145,25.656445,60.333203
145,25.155859,60.194092
145,24.600488,60.114258
145,24.445605,60.021289
145,24.342578,60.042334
145,23.721777,59.965674
145,23.463574,59.98623
145,23.181445,59.844922
145,23.021289,59.816016
145,22.963867,59.826367
145,23.188477,59.972217
145,23.198438,60.021826
145,22.994141,60.098535
145,22.911719,60.209717
145,22.86709,60.21582
145,22.819141,60.101367
145,22.749805,60.057275
145,22.462695,60.029199
145,22.438574,60.090283
145,22.471094,60.146973
145,22.442676,60.156885
145,22.469727,60.201318
145,22.589941,60.228369
145,22.512305,60.281348
145,22.584961,60.380566
145,22.25791,60.400928
145,21.854297,60.50542
145,21.805273,60.594141
145,21.613281,60.530957
145,21.436035,60.596387
145,21.360547,60.96748
145,21.513477,61.281201
145,21.506641,61.484326
145,21.565039,61.484326
145,21.498242,61.551953
145,21.605957,61.591553
145,21.384863,61.914941
145,21.255957,61.989648
145,21.353711,62.223828
145,21.343359,62.277393
145,21.323438,62.342578
145,21.165625,62.414062
145,21.103613,62.622949
145,21.143848,62.73999
145,21.45752,62.95
145,21.4671383875462,63
145,31,63
145,31,62.3641339057722
146,21.994238,60.33667
146,21.818652,60.381836
146,21.827246,60.469922
146,21.906836,60.438477
146,21.950293,60.401709
146,21.907813,60.393164
146,21.994238,60.33667
147,22.175098,60.370752
147,22.35498,60.355859
147,22.415527,60.303369
147,22.312891,60.269971
147,22.360547,60.165576
147,22.258301,60.165625
147,22.077148,60.286328
147,22.175098,60.370752
148,21.436914,60.483057
148,21.3,60.479785
148,21.214551,60.603857
148,21.268066,60.638281
148,21.450879,60.52959
148,21.436914,60.483057
149,21.833203,60.140527
149,21.69502,60.114355
149,21.704785,60.172314
149,21.864355,60.201807
149,21.833203,60.140527
150,21.62832,60.107812
150,21.486035,60.126807
150,21.634082,60.168994
150,21.62832,60.107812
151,27.326563,57.525488
151,26.966016,57.609131
151,26.462109,57.544482
151,26.298047,57.601074
151,25.991113,57.838184
151,25.79375,57.868555
151,25.282617,58.048486
151,25.258301,57.996143
151,25.111035,58.063428
151,24.322559,57.870605
151,24.463867,58.105957
151,24.4875,58.261621
151,24.549707,58.30459
151,24.529102,58.354248
151,24.336914,58.381396
151,24.235645,58.289551
151,24.114844,58.266113
151,23.767578,58.36084
151,23.691504,58.505615
151,23.562793,58.57583
151,23.509277,58.658545
151,23.530664,58.71626
151,23.680762,58.787158
151,23.503613,58.789844
151,23.432031,58.920654
151,23.515039,58.999219
151,23.467773,59.032178
151,23.516992,59.107568
151,23.494434,59.195654
151,23.78252,59.275146
151,24.083398,59.291895
151,24.053613,59.372314
151,24.175391,59.375928
151,24.380371,59.472656
151,24.583594,59.455664
151,24.877539,59.52207
151,25.44375,59.521143
151,25.520898,59.559473
151,25.509277,59.639014
151,26.625,59.553906
151,26.974707,59.450635
151,27.892578,59.414209
151,28.0125,59.484277
151,28.151074,59.374414
151,27.897656,59.277637
151,27.757617,59.052002
151,27.513086,58.886279
151,27.43418,58.787256
151,27.531348,58.435254
151,27.502441,58.221338
151,27.673438,57.934619
151,27.776953,57.856738
151,27.54209,57.799414
151,27.4,57.666797
151,27.326563,57.525488
152,22.546973,58.627393
152,22.964258,58.605713
152,23.323242,58.45083
152,23.127148,58.435986
152,22.730273,58.230664
152,22.37168,58.217139
152,22.269336,58.160742
152,22.152441,57.966797
152,21.996875,57.931348
152,21.985547,57.995166
152,22.187695,58.154346
152,21.882129,58.262354
152,21.854492,58.30166
152,21.924414,58.315869
152,21.984082,58.38667
152,21.862305,58.497168
152,22.266602,58.507959
152,22.328125,58.580859
152,22.546973,58.627393
153,22.841699,58.777441
153,22.767285,58.820898
153,22.661426,58.70918
153,22.542188,58.68999
153,22.472656,58.712061
153,22.411035,58.863379
153,22.05625,58.943604
153,22.462598,58.974316
153,22.587207,59.081201
153,22.649414,59.087109
153,22.702246,59.074414
153,22.725488,59.015088
153,22.909863,58.991211
153,22.981641,58.919824
153,23.008691,58.833936
153,22.841699,58.777441
154,23.260352,58.53999
154,23.063477,58.611084
154,23.16543,58.678125
154,23.332813,58.648584
154,23.343555,58.550342
154,23.260352,58.53999
155,-6.642773,61.768311
155,-6.83916,61.840771
155,-6.884766,61.899121
155,-6.662109,61.861768
155,-6.62583,61.826709
155,-6.642773,61.768311
156,-6.679688,61.414307
156,-6.888135,61.534766
156,-6.934863,61.634326
156,-6.740625,61.570508
156,-6.679688,61.414307
157,-7.235303,62.151221
157,-7.065186,62.073242
157,-7.116797,62.046826
157,-7.254932,62.046143
157,-7.379102,62.074805
157,-7.422607,62.140283
157,-7.235303,62.151221
158,-6.655811,62.093604
158,-6.823437,62.139111
158,-6.837695,62.09541
158,-6.714404,61.96416
158,-6.809717,61.977441
158,-7.013574,62.093994
158,-7.172168,62.285596
158,-6.958643,62.31626
158,-6.631055,62.227881
158,-6.655811,62.093604
159,-6.453857,62.186523
159,-6.559473,62.224512
159,-6.55459,62.355664
159,-6.406055,62.258643
159,-6.453857,62.186523
160,12.571191,55.684961
160,12.243457,55.537891
160,12.215039,55.466504
160,12.385156,55.385645
160,12.413086,55.286182
160,12.089941,55.188135
160,12.050391,54.815332
160,11.862305,54.772607
160,11.740918,54.915332
160,11.653809,55.186914
160,11.286328,55.204443
160,11.170703,55.328613
160,11.189746,55.465625
160,11.120996,55.600732
160,11.008789,55.644434
160,10.978906,55.721533
160,11.322266,55.752539
160,11.463672,55.879297
160,11.474707,55.943457
160,11.627734,55.956885
160,11.695898,55.90791
160,11.690918,55.729004
160,11.819727,55.697656
160,11.93457,55.895898
160,11.866406,55.968164
160,12.218945,56.118652
160,12.323242,56.122119
160,12.608398,56.033008
160,12.524805,55.918457
160,12.571191,55.684961
161,9.725,54.825537
161,9.61582,54.85542
161,9.25498,54.808008
161,8.90293,54.896924
161,8.670313,54.903418
161,8.638281,55.045557
161,8.572949,55.134277
161,8.669824,55.155664
161,8.615918,55.418213
161,8.132129,55.599805
161,8.202344,55.982373
161,8.121484,56.139893
161,8.163965,56.606885
161,8.55293,56.560303
161,8.67168,56.495654
161,8.736133,56.627441
161,8.888086,56.735059
161,9.06709,56.793848
161,9.196387,56.70166
161,9.254883,57.011719
161,9.110449,57.043652
161,8.992773,57.016113
161,8.771973,56.725293
161,8.468359,56.664551
161,8.268262,56.754004
161,8.266309,56.815332
161,8.427051,56.984424
161,8.618555,57.111279
161,9.433594,57.174316
161,9.554297,57.232471
161,9.962305,57.580957
161,10.259082,57.617041
161,10.609961,57.736914
161,10.480957,57.648682
161,10.444629,57.562207
161,10.537109,57.448535
161,10.524121,57.243213
161,10.296094,56.999121
161,10.282715,56.620508
161,10.490234,56.520508
161,10.845898,56.521729
161,10.926172,56.443262
161,10.856445,56.295508
161,10.753418,56.241992
161,10.538965,56.200342
161,10.426953,56.276172
161,10.31875,56.212891
161,10.183008,55.865186
161,9.903711,55.842822
161,10.023633,55.761426
161,9.591113,55.493213
161,9.670996,55.266406
161,9.453711,55.039551
161,9.64541,55.022803
161,9.732324,54.968018
161,9.725,54.825537
162,10.622754,55.612842
162,10.819238,55.321875
162,10.785352,55.269775
162,10.808398,55.203027
162,10.785254,55.133398
162,10.623828,55.052441
162,10.442773,55.048779
162,9.98877,55.163184
162,9.858984,55.357227
162,9.860645,55.515479
162,10.286133,55.61084
162,10.505078,55.558057
162,10.622754,55.612842
163,11.538379,54.82959
163,11.739551,54.807422
163,11.765918,54.679443
163,11.457422,54.628857
163,11.035547,54.773096
163,11.058594,54.940576
163,11.258496,54.951807
163,11.538379,54.82959
164,10.689746,54.745068
164,10.62168,54.851416
164,10.951074,55.156201
164,10.765234,54.799658
164,10.689746,54.745068
165,12.549219,54.965771
165,12.35752,54.961816
165,12.184473,54.89248
165,12.118848,54.914404
165,12.274023,55.064111
165,12.513281,54.997314
165,12.549219,54.965771
166,12.571582,55.554004
166,12.520313,55.6146
166,12.62002,55.679346
166,12.665723,55.596533
166,12.571582,55.554004
167,10.504883,54.860547
167,10.340527,54.858936
167,10.199902,54.962744
167,10.504883,54.860547
168,10.06123,54.886377
168,9.80625,54.906006
168,9.771191,55.059912
168,9.998828,54.986475
168,10.06123,54.886377
169,10.590332,55.765088
169,10.526953,55.783789
169,10.516113,55.958545
169,10.547168,55.991943
169,10.661719,55.877588
169,10.590332,55.765088
170,11.011426,57.229102
170,10.873828,57.262256
170,10.93457,57.308594
170,11.174512,57.3229
170,11.011426,57.229102
171,15.050781,55.004932
171,14.68418,55.102246
171,14.713672,55.238037
171,14.765332,55.296729
171,15.132617,55.144531
171,15.137109,55.087158
171,15.050781,55.004932
172,18.832227,49.510791
172,18.596484,49.491455
172,18.364844,49.33623
172,18.160938,49.257373
172,18.085938,49.065137
172,17.758496,48.888135
172,17.482617,48.827783
172,17.135645,48.841064
172,16.953125,48.598828
172,16.883691,48.703711
172,16.543555,48.79624
172,16.367285,48.738965
172,16.057227,48.754785
172,15.825195,48.864453
172,15.700781,48.860449
172,15.310938,48.974023
172,15.161719,48.946289
172,14.993457,49.001123
172,14.922559,48.771387
172,14.785938,48.747363
172,14.706641,48.671924
172,14.691309,48.599219
172,14.488672,48.625537
172,14.367578,48.576221
172,14.189844,48.578564
172,14.049121,48.60249
172,13.98877,48.692432
172,13.814746,48.766943
172,13.547656,48.959668
172,13.440723,48.955566
172,13.28877,49.097461
172,13.140527,49.15835
172,12.916699,49.330469
172,12.813379,49.329346
172,12.681152,49.414502
172,12.390527,49.739648
172,12.512012,49.895801
172,12.207813,50.09751
172,12.089844,50.301758
172,12.174805,50.288379
172,12.277344,50.181445
172,12.549023,50.393408
172,12.76543,50.430957
172,12.942676,50.406445
172,13.016406,50.490381
172,13.181152,50.510498
172,13.237695,50.576758
172,13.374609,50.621729
172,13.436133,50.601074
172,13.556738,50.704639
172,14.369043,50.89873
172,14.255859,51.001855
172,14.283203,51.029492
172,14.545703,50.993945
172,14.623828,50.914746
172,14.613574,50.855566
172,14.72334,50.814697
172,14.98291,50.886572
172,14.99375,51.014355
172,15.258594,50.958545
172,15.277051,50.883008
172,15.354395,50.811768
172,15.730566,50.739697
172,15.948535,50.670264
172,16.007227,50.611621
172,16.282227,50.655615
172,16.359961,50.621387
172,16.419727,50.573633
172,16.379102,50.516895
172,16.210352,50.42373
172,16.33418,50.366895
172,16.63916,50.102148
172,16.989648,50.236914
172,16.880078,50.427051
172,17.151953,50.37832
172,17.415234,50.254785
172,17.702246,50.307178
172,17.735449,50.230762
172,17.589355,50.157471
172,17.627051,50.116406
172,17.83125,49.983301
172,18.02832,50.035254
172,18.305273,49.914062
172,18.562402,49.879346
172,18.594629,49.757812
172,18.806934,49.613721
172,18.832227,49.510791
173,13.615234,45.476758
173,13.878711,45.428369
173,13.992773,45.509424
173,14.369922,45.481445
173,14.568848,45.657227
173,14.793066,45.478223
173,14.95459,45.499902
173,15.24209,45.441406
173,15.339453,45.467041
173,15.283594,45.579687
173,15.353711,45.659912
173,15.277051,45.732617
173,15.652148,45.862158
173,15.675586,45.983691
173,15.666211,46.048486
173,15.596875,46.109229
173,15.608984,46.171924
173,16.000684,46.305371
173,16.066504,46.371338
173,16.227441,46.372852
173,16.236719,46.483838
173,16.321191,46.534619
173,16.748047,46.416406
173,17.310645,45.996143
173,17.607031,45.91377
173,17.807129,45.79043
173,18.358301,45.753027
173,18.533594,45.796143
173,18.666016,45.907471
173,18.905371,45.931738
173,18.893555,45.865527
173,18.839063,45.835742
173,18.947266,45.655811
173,18.917871,45.60083
173,19.064258,45.51499
173,19.007617,45.46582
173,19.004688,45.399512
173,19.330273,45.268066
173,19.400977,45.189062
173,19.205957,45.167773
173,19.136914,45.19624
173,19.129688,45.151709
173,19.062891,45.137207
173,19.085254,44.926758
173,18.941309,44.865186
173,18.788379,44.914893
173,18.746094,45.026514
173,18.662598,45.077441
173,17.996289,45.141797
173,17.812793,45.078125
173,17.653516,45.163477
173,17.502637,45.120361
173,17.125391,45.171777
173,16.918652,45.276562
173,16.79082,45.196875
173,16.530664,45.216699
173,16.293359,45.008838
173,16.02832,45.1896
173,15.888281,45.215723
173,15.788086,45.178955
173,15.736621,44.76582
173,16.103418,44.520996
173,16.214258,44.215137
173,16.300098,44.124512
173,17.08457,43.516553
173,17.273828,43.445752
173,17.293066,43.305615
173,17.650488,43.006592
173,17.643457,42.959766
173,17.585156,42.938379
173,17.129395,43.211133
173,16.903125,43.392432
173,16.393945,43.543359
173,15.985547,43.519775
173,15.942578,43.568945
173,15.941504,43.656641
173,15.499414,43.908789
173,15.18584,44.172119
173,15.122949,44.256787
173,15.470996,44.271973
173,14.981348,44.60293
173,14.895215,44.706592
173,14.906543,44.971387
173,14.85459,45.081006
173,14.550488,45.297705
173,14.312695,45.337793
173,14.236328,45.159668
173,13.96582,44.835645
173,13.860742,44.837402
173,13.629297,45.108203
173,13.517188,45.481787
173,13.57793,45.516895
173,13.615234,45.476758
174,16.650684,42.996582
174,17.093652,42.964355
174,17.188281,42.917041
174,16.850684,42.895508
174,16.696387,42.933691
174,16.650684,42.996582
175,17.194043,43.125781
175,16.679199,43.123145
175,16.376465,43.21377
175,16.521387,43.229248
175,16.697266,43.174951
175,17.194043,43.125781
176,16.627441,43.268066
176,16.423145,43.317236
176,16.448926,43.387061
176,16.834375,43.35083
176,16.891309,43.314648
176,16.627441,43.268066
177,15.24668,44.027051
177,15.121875,44.093311
177,15.06582,44.157666
177,15.231055,44.062305
177,15.24668,44.027051
178,14.687012,44.955615
178,14.437891,45.098633
178,14.571094,45.224756
178,14.810254,44.977051
178,14.687012,44.955615
179,14.856641,44.714844
179,14.678223,44.769873
179,14.672461,44.824365
179,14.754199,44.844824
179,14.856641,44.714844
180,15.162598,44.30918
180,14.912793,44.48584
180,14.741895,44.697363
180,15.239941,44.350195
180,15.162598,44.30918
181,15.203027,43.907715
181,15.13584,43.907275
181,14.865039,44.167969
181,14.952539,44.117188
181,15.203027,43.907715
182,15.437207,43.899512
182,15.374219,43.914795
182,15.27002,44.010742
182,15.371387,43.973828
182,15.437207,43.899512
183,14.480371,44.62124
183,14.419531,44.670312
183,14.312402,44.900391
183,14.340039,45.019971
183,14.28584,45.144629
183,14.33125,45.16499
183,14.358203,45.167432
183,14.39375,45.03125
183,14.467383,44.970215
183,14.480371,44.62124
184,17.744238,42.700342
184,17.344141,42.790381
184,17.607813,42.769043
184,17.744238,42.700342
185,18.436328,42.559717
185,18.51748,42.43291
185,17.823828,42.797412
185,17.584961,42.837158
185,17.04541,43.014893
185,17.219824,43.025879
185,17.723633,42.850684
185,17.667578,42.897119
185,17.801953,42.902246
185,17.841309,42.845068
185,18.123926,42.690576
185,18.436328,42.559717
186,27.879199,41.986621
186,27.534863,41.920801
186,27.244336,42.093262
186,27.011719,42.058643
186,26.884863,41.991846
186,26.615332,41.964893
186,26.511426,41.826367
186,26.360352,41.801562
186,26.320898,41.716553
186,26.107422,41.725684
186,26.066016,41.673242
186,26.143555,41.521533
186,26.135352,41.385742
186,25.92334,41.311914
186,25.784961,41.33042
186,25.251172,41.243555
186,24.993555,41.36499
186,24.846875,41.394238
186,24.77373,41.356104
186,24.595996,41.442725
186,24.487891,41.555225
186,24.386719,41.523535
186,24.056055,41.527246
186,24.011328,41.460059
186,23.635156,41.386768
186,23.239844,41.384961
186,23.155957,41.32207
186,22.916016,41.336279
186,23.003613,41.739844
186,22.943945,41.775098
186,22.836816,41.993604
186,22.582715,42.104834
186,22.344043,42.313965
186,22.42207,42.328857
186,22.523535,42.440967
186,22.524219,42.503906
186,22.43623,42.629102
186,22.466797,42.84248
186,22.706152,42.883936
186,22.942285,43.09707
186,22.976855,43.187988
186,22.499121,43.518848
186,22.369629,43.781299
186,22.399023,43.969531
186,22.597461,44.075293
186,22.626563,44.194092
186,22.705078,44.237793
186,23.028516,44.077979
186,22.868262,43.9479
186,22.867676,43.864551
186,22.919043,43.834473
186,23.224609,43.873877
186,24.226758,43.763477
186,24.430566,43.794385
186,25.49707,43.670801
186,25.818848,43.766846
186,25.933398,43.870557
186,26.21582,44.007275
186,26.489258,44.083984
186,27.086914,44.167383
186,27.425391,44.020508
186,27.670898,43.997803
186,27.738574,43.956299
186,27.884277,43.987354
186,28.05,43.822412
186,28.221973,43.772852
186,28.585352,43.742236
186,28.561816,43.501318
186,28.46543,43.389307
186,28.319629,43.426855
186,28.133691,43.395605
186,27.928906,43.186133
186,27.888867,42.749707
186,27.753711,42.706543
186,27.484766,42.468066
186,27.708203,42.349951
186,28.014453,41.969043
186,27.879199,41.986621
187,19.356836,44.858545
187,19.291895,44.696777
187,19.151367,44.527344
187,19.118457,44.359961
187,19.151855,44.302539
187,19.338867,44.22583
187,19.583789,44.043457
187,19.549512,43.987109
187,19.24502,43.965039
187,19.488184,43.703564
187,19.47998,43.595166
187,19.45127,43.562061
187,19.300781,43.591797
187,19.194336,43.533301
187,18.950684,43.52666
187,19.036719,43.357324
187,19.02666,43.292432
187,18.851074,43.346338
187,18.674219,43.230811
187,18.621875,43.124609
187,18.623633,43.027686
187,18.488477,43.012158
187,18.443848,42.968457
187,18.466016,42.777246
187,18.545898,42.641602
187,18.436328,42.559717
187,18.123926,42.690576
187,17.841309,42.845068
187,17.801953,42.902246
187,17.667578,42.897119
187,17.585156,42.938379
187,17.643457,42.959766
187,17.650488,43.006592
187,17.293066,43.305615
187,17.273828,43.445752
187,17.08457,43.516553
187,16.300098,44.124512
187,16.214258,44.215137
187,16.103418,44.520996
187,15.736621,44.76582
187,15.788086,45.178955
187,15.822852,45.202783
187,16.02832,45.1896
187,16.293359,45.008838
187,16.530664,45.216699
187,16.79082,45.196875
187,16.918652,45.276562
187,17.125391,45.171777
187,17.502637,45.120361
187,17.653516,45.163477
187,17.812793,45.078125
187,17.996289,45.141797
187,18.662598,45.077441
187,18.746094,45.026514
187,18.836426,44.883252
187,19.04209,44.871338
187,19.236816,44.914258
187,19.356836,44.858545
188,4.226172,51.386475
188,4.404004,51.36709
188,4.384766,51.427588
188,4.503418,51.474707
188,4.633984,51.421729
188,4.755664,51.491113
188,4.848047,51.403271
188,4.943945,51.407764
188,5.030957,51.469092
188,5.099902,51.346484
188,5.21416,51.278955
188,5.476855,51.285059
188,5.827148,51.125635
188,5.75,50.950244
188,5.639453,50.843604
188,5.74707,50.75957
188,5.993945,50.750439
188,6.235938,50.59668
188,6.178711,50.52251
188,6.340918,50.451758
188,6.364453,50.316162
188,6.175098,50.232666
188,6.116504,50.120996
188,5.97627,50.167187
188,5.744043,49.919629
188,5.725,49.808301
188,5.880371,49.644775
188,5.81543,49.553809
188,5.507324,49.510889
188,5.278809,49.67793
188,5.006934,49.778369
188,4.867578,49.788135
188,4.841504,49.914502
188,4.790039,49.95957
188,4.860547,50.135889
188,4.818652,50.153174
188,4.706641,50.09707
188,4.656152,50.002441
188,4.54502,49.960254
188,4.149316,49.971582
188,4.192188,50.094141
188,4.135254,50.143799
188,4.174609,50.246484
188,3.949707,50.335938
188,3.748047,50.343506
188,3.689355,50.306055
188,3.59541,50.477344
188,3.27334,50.531543
188,3.234961,50.662939
188,3.106836,50.779443
188,2.839746,50.711768
188,2.759375,50.750635
188,2.596777,50.875928
188,2.601465,50.955273
188,2.524902,51.097119
188,3.350098,51.377686
188,3.43252,51.245752
188,3.580273,51.286182
188,3.902051,51.207666
188,4.172559,51.30708
188,4.226172,51.386475
189,30.980664,52.046191
189,30.755273,51.895166
189,30.583887,51.688965
189,30.533008,51.596338
189,30.63252,51.35542
189,30.544531,51.265039
189,30.333398,51.325537
189,30.308984,51.399609
189,30.160742,51.477881
189,29.553125,51.43457
189,29.346484,51.382568
189,29.102051,51.627539
189,28.849512,51.540186
189,28.73125,51.433398
189,28.647754,51.456543
189,28.599023,51.542627
189,28.183789,51.607861
189,28.010742,51.559766
189,27.858594,51.592383
189,27.7,51.477979
189,27.689746,51.572412
189,27.296289,51.597412
189,27.141992,51.752051
189,26.773438,51.770703
189,25.785742,51.923828
189,25.066699,51.930518
189,24.361914,51.867529
189,24.280078,51.774707
189,23.97832,51.591309
189,23.706836,51.641309
189,23.608594,51.610498
189,23.605273,51.51792
189,23.539648,51.618896
189,23.544824,51.710254
189,23.625684,51.809326
189,23.607422,51.879785
189,23.652441,52.040381
189,23.597949,52.103076
189,23.175098,52.286621
189,23.410938,52.516211
189,23.844727,52.664209
189,23.90127,52.703613
189,23.91543,52.770264
189,23.85918,53.112109
189,23.598926,53.599219
189,23.484668,53.939795
189,23.733691,53.912256
189,24.191309,53.950439
189,24.317969,53.892969
189,24.620703,53.979834
189,24.768164,53.974658
189,24.869531,54.145166
189,25.046094,54.133057
189,25.179492,54.214258
189,25.461133,54.292773
189,25.527344,54.215137
189,25.510352,54.159619
189,25.749219,54.156982
189,25.748145,54.259668
189,25.547363,54.331836
189,25.724805,54.564258
189,25.722461,54.717871
189,25.859277,54.919287
189,26.175195,55.003271
189,26.291797,55.1396
189,26.601172,55.130176
189,26.648438,55.204199
189,26.775684,55.273096
189,26.457617,55.34248
189,26.593555,55.667529
189,26.822461,55.709229
189,26.953027,55.812939
189,27.052539,55.830566
189,27.576758,55.798779
189,27.642285,55.911719
189,27.896289,56.076172
189,28.117871,56.145801
189,28.284277,56.055908
189,28.563965,56.091992
189,28.794727,55.942578
189,29.031738,56.021777
189,29.375,55.938721
189,29.397949,55.881055
189,29.353418,55.784375
189,29.482227,55.68457
189,29.937012,55.845264
189,30.233594,55.845215
189,30.45625,55.786816
189,30.625586,55.66626
189,30.906836,55.57002
189,30.900586,55.397412
189,30.810547,55.306982
189,30.958887,55.137598
189,30.977734,55.050488
189,30.829883,54.91499
189,30.791016,54.806006
189,31,54.6904274777148
189,30.980664,52.046191
190,9.527539,47.270752
190,9.625879,47.467041
190,9.524023,47.524219
190,9.650586,47.525879
190,9.748926,47.575537
190,10.034082,47.473584
190,10.066309,47.393359
190,10.200293,47.363428
190,10.183008,47.278809
190,10.240625,47.284131
190,10.369141,47.366064
190,10.439453,47.551562
190,10.873047,47.520215
190,10.980859,47.398145
190,11.041992,47.393115
190,11.297949,47.424902
190,11.716797,47.583496
190,12.185645,47.619531
190,12.209277,47.718262
190,12.48291,47.637305
190,12.68584,47.669336
190,12.771387,47.639404
190,12.809375,47.542187
190,13.014355,47.478076
190,13.054102,47.655127
190,13.033594,47.69873
190,12.897656,47.721875
190,12.954199,47.807764
190,12.953516,47.890625
190,12.760059,48.075977
190,12.814258,48.16084
190,13.374609,48.361377
190,13.486621,48.581836
190,13.675195,48.523047
190,13.723926,48.542383
190,13.785352,48.587451
190,13.814746,48.766943
190,13.98877,48.692432
190,14.049121,48.60249
190,14.367578,48.576221
190,14.488672,48.625537
190,14.691309,48.599219
190,14.706641,48.671924
190,14.785938,48.747363
190,14.922559,48.771387
190,14.993457,49.001123
190,15.161719,48.946289
190,15.310938,48.974023
190,15.700781,48.860449
190,15.825195,48.864453
190,16.057227,48.754785
190,16.367285,48.738965
190,16.543555,48.79624
190,16.883691,48.703711
190,16.953125,48.598828
190,16.86543,48.386914
190,17.085938,48.039551
190,17.147363,48.005957
190,17.030078,47.837109
190,17.066602,47.707568
190,16.785938,47.678662
190,16.590918,47.750537
190,16.421289,47.674463
190,16.639746,47.608887
190,16.676563,47.536035
190,16.623047,47.447559
190,16.442871,47.399512
190,16.462598,47.273145
190,16.416895,47.223437
190,16.438379,47.145898
190,16.492676,47.122656
190,16.46123,47.022461
190,16.252539,46.971924
190,16.037207,46.844824
190,15.976855,46.801367
190,15.957617,46.677637
190,15.766895,46.711279
190,15.439258,46.629639
190,14.893262,46.605908
190,14.549805,46.399707
190,12.479199,46.67251
190,12.388281,46.702637
190,12.154102,46.935254
190,12.130762,46.984766
190,12.20127,47.060889
190,12.169434,47.082129
190,11.775684,46.986084
190,11.244434,46.975684
190,11.133887,46.936182
190,11.025098,46.796973
190,10.927344,46.769482
190,10.759766,46.793311
190,10.689258,46.846387
190,10.452832,46.864941
190,10.414941,46.964404
190,10.349414,46.984766
190,10.133496,46.851514
190,9.877734,46.937695
190,9.845313,47.007373
190,9.580273,47.057373
190,9.610547,47.107129
190,9.527539,47.270752
191,1.678516,42.49668
191,1.448828,42.437451
191,1.42832,42.595898
191,1.501367,42.642725
191,1.709863,42.604443
191,1.740234,42.556738
191,1.678516,42.49668
192,8.576563,36.937207
192,8.60127,36.833936
192,8.444238,36.760742
192,8.369629,36.63252
192,8.207617,36.518945
192,8.302734,36.455615
192,8.34873,36.367969
192,8.24707,35.801807
192,8.318066,35.654932
192,8.316406,35.403125
192,8.394238,35.203857
192,8.276855,34.979492
192,8.245605,34.734082
192,8.123438,34.563916
192,7.838281,34.410303
192,7.748535,34.254492
192,7.554492,34.125
192,7.495605,33.976514
192,7.534375,33.71792
192,7.731348,33.268506
192,8.075586,33.089062
192,8.15484243067186,33
192,-1.5354396625414,33
192,-1.679199,33.318652
192,-1.63125,33.566748
192,-1.714111,33.781836
192,-1.706934,34.176074
192,-1.791797,34.36792
192,-1.733301,34.467041
192,-1.849658,34.607324
192,-1.795605,34.751904
192,-2.131787,34.97085
192,-2.219629,35.104199
192,-1.913281,35.094238
192,-1.673633,35.183105
192,-1.33584,35.364258
192,-1.087695,35.578857
192,-0.426123,35.861523
192,-0.048242,35.832812
192,0.047949,35.900537
192,0.15166,36.063135
192,0.312207,36.162354
192,0.97168,36.443945
192,1.257227,36.51958
192,2.593359,36.600684
192,2.972852,36.784473
192,3.520508,36.795117
192,3.779004,36.896191
192,4.758105,36.896338
192,5.29541,36.648242
192,5.725488,36.799609
192,6.064746,36.864258
192,6.249121,36.93833
192,6.327832,37.046045
192,6.486523,37.085742
192,6.575879,37.003027
192,6.927539,36.919434
192,7.238477,36.968506
192,7.204297,37.092383
192,7.432422,37.059277
192,7.910449,36.856348
192,8.127148,36.910352
192,8.576563,36.937207
193,19.342383,41.869092
193,19.361426,42.069092
193,19.280664,42.172559
193,19.703418,42.647949
193,19.788281,42.476172
193,20.063965,42.547266
193,20.240527,42.338965
193,20.408301,42.274951
193,20.522852,42.171484
193,20.581445,41.917432
193,20.505176,41.706494
193,20.516211,41.574756
193,20.448633,41.521289
193,20.488965,41.272607
193,20.567871,41.127832
193,20.656055,41.06167
193,20.709277,40.928369
193,20.933496,40.903125
193,21.030859,40.622461
193,20.950195,40.494385
193,20.806055,40.445459
193,20.657422,40.117383
193,20.408008,40.049463
193,20.311133,39.979443
193,20.382422,39.802637
193,20.306152,39.79668
193,20.27207,39.701172
193,20.206836,39.653516
193,20.00127,39.709424
193,19.964844,39.872266
193,19.851855,40.043555
193,19.48457,40.209961
193,19.322266,40.40708
193,19.440527,40.375684
193,19.45918,40.405371
193,19.3375,40.663818
193,19.46123,40.933301
193,19.480078,41.236377
193,19.440625,41.424756
193,19.497363,41.562695
193,19.575684,41.64043
193,19.577539,41.7875
193,19.468262,41.856152
193,19.342383,41.869092
